name,type,value,date
"AL","Alabama",18,"2016-06-01"
"AL","Alabama",21,"2016-07-01"
"AL","Alabama",21,"2016-08-01"
"AL","Alabama",15,"2016-09-01"
"AL","Alabama",23,"2016-10-01"
"AL","Alabama",13,"2016-11-01"
"AL","Alabama",24,"2016-12-01"
"AL","Alabama",31,"2017-01-01"
"AL","Alabama",13,"2017-02-01"
"AL","Alabama",25,"2017-03-01"
"AL","Alabama",26,"2017-04-01"
"AL","Alabama",72,"2017-05-01"
"AL","Alabama",67,"2017-06-01"
"AL","Alabama",109,"2017-07-01"
"AL","Alabama",401,"2017-08-01"
"AL","Alabama",291,"2017-09-01"
"AL","Alabama",225,"2017-10-01"
"AL","Alabama",206,"2017-11-01"
"AL","Alabama",347,"2017-12-01"
"AL","Alabama",440,"2018-01-01"
"AL","Alabama",413,"2018-02-01"
"AL","Alabama",558,"2018-03-01"
"AL","Alabama",551,"2018-04-01"
"AL","Alabama",592,"2018-05-01"
"AL","Alabama",506,"2018-06-01"
"AL","Alabama",380,"2018-07-01"
"AL","Alabama",590,"2018-08-01"
"AL","Alabama",706,"2018-09-01"
"AL","Alabama",989,"2018-10-01"
"AL","Alabama",953,"2018-11-01"
"AL","Alabama",866,"2018-12-01"
"AL","Alabama",847,"2019-01-01"
"AL","Alabama",856,"2019-02-01"
"AL","Alabama",902,"2019-03-01"
"AL","Alabama",916,"2019-04-01"
"AL","Alabama",833,"2019-05-01"
"AL","Alabama",838,"2019-06-01"
"AL","Alabama",805,"2019-07-01"
"AL","Alabama",698,"2019-08-01"
"AL","Alabama",783,"2019-09-01"
"AL","Alabama",1030,"2019-10-01"
"AL","Alabama",830,"2019-11-01"
"AL","Alabama",810,"2019-12-01"
"AL","Alabama",882,"2020-01-01"
"AL","Alabama",713,"2020-02-01"
"AL","Alabama",749,"2020-03-01"
"AL","Alabama",652,"2020-04-01"
"AL","Alabama",923,"2020-05-01"
"AL","Alabama",1054,"2020-06-01"
"AL","Alabama",530,"2020-07-01"
"AL","Alabama",560,"2020-08-01"
"AL","Alabama",1092,"2020-09-01"
"AL","Alabama",1837,"2020-10-01"
"AL","Alabama",2370,"2020-11-01"
"AL","Alabama",2288,"2020-12-01"
"AR","Arkansas",6,"2016-06-01"
"AR","Arkansas",3,"2016-07-01"
"AR","Arkansas",2,"2016-08-01"
"AR","Arkansas",3,"2016-09-01"
"AR","Arkansas",6,"2016-10-01"
"AR","Arkansas",3,"2016-11-01"
"AR","Arkansas",3,"2016-12-01"
"AR","Arkansas",9,"2017-01-01"
"AR","Arkansas",17,"2017-02-01"
"AR","Arkansas",15,"2017-03-01"
"AR","Arkansas",16,"2017-04-01"
"AR","Arkansas",4,"2017-05-01"
"AR","Arkansas",1,"2017-07-01"
"AR","Arkansas",7,"2017-08-01"
"AR","Arkansas",6,"2017-09-01"
"AR","Arkansas",8,"2017-10-01"
"AR","Arkansas",6,"2017-11-01"
"AR","Arkansas",6,"2017-12-01"
"AR","Arkansas",18,"2018-01-01"
"AR","Arkansas",46,"2018-02-01"
"AR","Arkansas",28,"2018-03-01"
"AR","Arkansas",41,"2018-04-01"
"AR","Arkansas",39,"2018-05-01"
"AR","Arkansas",21,"2018-06-01"
"AR","Arkansas",9,"2018-07-01"
"AR","Arkansas",24,"2018-08-01"
"AR","Arkansas",59,"2018-09-01"
"AR","Arkansas",53,"2018-10-01"
"AR","Arkansas",83,"2018-11-01"
"AR","Arkansas",70,"2018-12-01"
"AR","Arkansas",78,"2019-01-01"
"AR","Arkansas",104,"2019-02-01"
"AR","Arkansas",59,"2019-03-01"
"AR","Arkansas",103,"2019-04-01"
"AR","Arkansas",105,"2019-05-01"
"AR","Arkansas",101,"2019-06-01"
"AR","Arkansas",77,"2019-07-01"
"AR","Arkansas",44,"2019-08-01"
"AR","Arkansas",61,"2019-09-01"
"AR","Arkansas",93,"2019-10-01"
"AR","Arkansas",48,"2019-11-01"
"AR","Arkansas",52,"2019-12-01"
"AR","Arkansas",47,"2020-01-01"
"AR","Arkansas",18,"2020-02-01"
"AR","Arkansas",45,"2020-03-01"
"AR","Arkansas",31,"2020-04-01"
"AR","Arkansas",26,"2020-05-01"
"AR","Arkansas",65,"2020-06-01"
"AR","Arkansas",5,"2020-07-01"
"AR","Arkansas",16,"2020-08-01"
"AR","Arkansas",353,"2020-09-01"
"AR","Arkansas",692,"2020-10-01"
"AR","Arkansas",914,"2020-11-01"
"AR","Arkansas",977,"2020-12-01"
"AZ","Arizona",123,"2016-06-01"
"AZ","Arizona",416,"2016-07-01"
"AZ","Arizona",451,"2016-08-01"
"AZ","Arizona",377,"2016-09-01"
"AZ","Arizona",491,"2016-10-01"
"AZ","Arizona",483,"2016-11-01"
"AZ","Arizona",429,"2016-12-01"
"AZ","Arizona",305,"2017-01-01"
"AZ","Arizona",294,"2017-02-01"
"AZ","Arizona",399,"2017-03-01"
"AZ","Arizona",266,"2017-04-01"
"AZ","Arizona",438,"2017-05-01"
"AZ","Arizona",316,"2017-06-01"
"AZ","Arizona",407,"2017-07-01"
"AZ","Arizona",1204,"2017-08-01"
"AZ","Arizona",1281,"2017-09-01"
"AZ","Arizona",995,"2017-10-01"
"AZ","Arizona",1010,"2017-11-01"
"AZ","Arizona",1061,"2017-12-01"
"AZ","Arizona",1248,"2018-01-01"
"AZ","Arizona",1067,"2018-02-01"
"AZ","Arizona",1010,"2018-03-01"
"AZ","Arizona",1020,"2018-04-01"
"AZ","Arizona",1086,"2018-05-01"
"AZ","Arizona",967,"2018-06-01"
"AZ","Arizona",930,"2018-07-01"
"AZ","Arizona",1372,"2018-08-01"
"AZ","Arizona",977,"2018-09-01"
"AZ","Arizona",1110,"2018-10-01"
"AZ","Arizona",1272,"2018-11-01"
"AZ","Arizona",1079,"2018-12-01"
"AZ","Arizona",1206,"2019-01-01"
"AZ","Arizona",998,"2019-02-01"
"AZ","Arizona",995,"2019-03-01"
"AZ","Arizona",1066,"2019-04-01"
"AZ","Arizona",1101,"2019-05-01"
"AZ","Arizona",1063,"2019-06-01"
"AZ","Arizona",1199,"2019-07-01"
"AZ","Arizona",1356,"2019-08-01"
"AZ","Arizona",1356,"2019-09-01"
"AZ","Arizona",1271,"2019-10-01"
"AZ","Arizona",1059,"2019-11-01"
"AZ","Arizona",963,"2019-12-01"
"AZ","Arizona",952,"2020-01-01"
"AZ","Arizona",953,"2020-02-01"
"AZ","Arizona",1921,"2020-03-01"
"AZ","Arizona",2856,"2020-04-01"
"AZ","Arizona",2817,"2020-05-01"
"AZ","Arizona",2990,"2020-06-01"
"AZ","Arizona",526,"2020-07-01"
"AZ","Arizona",393,"2020-08-01"
"AZ","Arizona",1353,"2020-09-01"
"AZ","Arizona",2429,"2020-10-01"
"AZ","Arizona",3465,"2020-11-01"
"AZ","Arizona",3535,"2020-12-01"
"CA","California",2604,"2016-03-01"
"CA","California",8660,"2016-04-01"
"CA","California",9392,"2016-05-01"
"CA","California",9004,"2016-06-01"
"CA","California",7614,"2016-07-01"
"CA","California",9716,"2016-08-01"
"CA","California",9846,"2016-09-01"
"CA","California",10064,"2016-10-01"
"CA","California",10869,"2016-11-01"
"CA","California",9438,"2016-12-01"
"CA","California",9111,"2017-01-01"
"CA","California",9086,"2017-02-01"
"CA","California",9267,"2017-03-01"
"CA","California",8890,"2017-04-01"
"CA","California",7655,"2017-05-01"
"CA","California",7950,"2017-06-01"
"CA","California",7065,"2017-07-01"
"CA","California",7677,"2017-08-01"
"CA","California",7617,"2017-09-01"
"CA","California",6898,"2017-10-01"
"CA","California",7542,"2017-11-01"
"CA","California",6893,"2017-12-01"
"CA","California",8078,"2018-01-01"
"CA","California",7422,"2018-02-01"
"CA","California",9325,"2018-03-01"
"CA","California",8394,"2018-04-01"
"CA","California",8186,"2018-05-01"
"CA","California",7667,"2018-06-01"
"CA","California",9011,"2018-07-01"
"CA","California",9465,"2018-08-01"
"CA","California",8635,"2018-09-01"
"CA","California",9090,"2018-10-01"
"CA","California",7606,"2018-11-01"
"CA","California",5983,"2018-12-01"
"CA","California",7750,"2019-01-01"
"CA","California",6336,"2019-02-01"
"CA","California",7090,"2019-03-01"
"CA","California",6963,"2019-04-01"
"CA","California",7552,"2019-05-01"
"CA","California",5874,"2019-06-01"
"CA","California",5613,"2019-07-01"
"CA","California",10344,"2019-08-01"
"CA","California",29505,"2019-09-01"
"CA","California",32960,"2019-10-01"
"CA","California",16196,"2019-11-01"
"CA","California",32343,"2019-12-01"
"CA","California",27467,"2020-01-01"
"CA","California",26031,"2020-02-01"
"CA","California",26464,"2020-03-01"
"CA","California",20634,"2020-04-01"
"CA","California",20031,"2020-05-01"
"CA","California",22991,"2020-06-01"
"CA","California",2609,"2020-07-01"
"CA","California",3015,"2020-08-01"
"CA","California",10825,"2020-09-01"
"CA","California",20716,"2020-10-01"
"CA","California",46577,"2020-11-01"
"CA","California",53138,"2020-12-01"
"CO","Colorado",63,"2016-06-01"
"CO","Colorado",194,"2016-07-01"
"CO","Colorado",233,"2016-08-01"
"CO","Colorado",217,"2016-09-01"
"CO","Colorado",217,"2016-10-01"
"CO","Colorado",201,"2016-11-01"
"CO","Colorado",199,"2016-12-01"
"CO","Colorado",178,"2017-01-01"
"CO","Colorado",133,"2017-02-01"
"CO","Colorado",138,"2017-03-01"
"CO","Colorado",170,"2017-04-01"
"CO","Colorado",218,"2017-05-01"
"CO","Colorado",207,"2017-06-01"
"CO","Colorado",210,"2017-07-01"
"CO","Colorado",666,"2017-08-01"
"CO","Colorado",699,"2017-09-01"
"CO","Colorado",768,"2017-10-01"
"CO","Colorado",663,"2017-11-01"
"CO","Colorado",652,"2017-12-01"
"CO","Colorado",710,"2018-01-01"
"CO","Colorado",659,"2018-02-01"
"CO","Colorado",635,"2018-03-01"
"CO","Colorado",533,"2018-04-01"
"CO","Colorado",744,"2018-05-01"
"CO","Colorado",611,"2018-06-01"
"CO","Colorado",558,"2018-07-01"
"CO","Colorado",769,"2018-08-01"
"CO","Colorado",789,"2018-09-01"
"CO","Colorado",905,"2018-10-01"
"CO","Colorado",1113,"2018-11-01"
"CO","Colorado",955,"2018-12-01"
"CO","Colorado",1151,"2019-01-01"
"CO","Colorado",880,"2019-02-01"
"CO","Colorado",949,"2019-03-01"
"CO","Colorado",1039,"2019-04-01"
"CO","Colorado",1113,"2019-05-01"
"CO","Colorado",1052,"2019-06-01"
"CO","Colorado",1001,"2019-07-01"
"CO","Colorado",1024,"2019-08-01"
"CO","Colorado",721,"2019-09-01"
"CO","Colorado",1106,"2019-10-01"
"CO","Colorado",1023,"2019-11-01"
"CO","Colorado",861,"2019-12-01"
"CO","Colorado",846,"2020-01-01"
"CO","Colorado",954,"2020-02-01"
"CO","Colorado",1202,"2020-03-01"
"CO","Colorado",1581,"2020-04-01"
"CO","Colorado",1327,"2020-05-01"
"CO","Colorado",1771,"2020-06-01"
"CO","Colorado",330,"2020-07-01"
"CO","Colorado",335,"2020-08-01"
"CO","Colorado",435,"2020-09-01"
"CO","Colorado",619,"2020-10-01"
"CO","Colorado",463,"2020-11-01"
"CO","Colorado",490,"2020-12-01"
"CT","Connecticut",78,"2016-03-01"
"CT","Connecticut",251,"2016-04-01"
"CT","Connecticut",243,"2016-05-01"
"CT","Connecticut",298,"2016-06-01"
"CT","Connecticut",318,"2016-07-01"
"CT","Connecticut",349,"2016-08-01"
"CT","Connecticut",325,"2016-09-01"
"CT","Connecticut",358,"2016-10-01"
"CT","Connecticut",471,"2016-11-01"
"CT","Connecticut",429,"2016-12-01"
"CT","Connecticut",394,"2017-01-01"
"CT","Connecticut",375,"2017-02-01"
"CT","Connecticut",411,"2017-03-01"
"CT","Connecticut",305,"2017-04-01"
"CT","Connecticut",321,"2017-05-01"
"CT","Connecticut",386,"2017-06-01"
"CT","Connecticut",372,"2017-07-01"
"CT","Connecticut",417,"2017-08-01"
"CT","Connecticut",375,"2017-09-01"
"CT","Connecticut",416,"2017-10-01"
"CT","Connecticut",433,"2017-11-01"
"CT","Connecticut",374,"2017-12-01"
"CT","Connecticut",409,"2018-01-01"
"CT","Connecticut",353,"2018-02-01"
"CT","Connecticut",339,"2018-03-01"
"CT","Connecticut",365,"2018-04-01"
"CT","Connecticut",361,"2018-05-01"
"CT","Connecticut",356,"2018-06-01"
"CT","Connecticut",283,"2018-07-01"
"CT","Connecticut",262,"2018-08-01"
"CT","Connecticut",353,"2018-09-01"
"CT","Connecticut",416,"2018-10-01"
"CT","Connecticut",414,"2018-11-01"
"CT","Connecticut",367,"2018-12-01"
"CT","Connecticut",303,"2019-01-01"
"CT","Connecticut",303,"2019-02-01"
"CT","Connecticut",319,"2019-03-01"
"CT","Connecticut",291,"2019-04-01"
"CT","Connecticut",321,"2019-05-01"
"CT","Connecticut",319,"2019-06-01"
"CT","Connecticut",292,"2019-07-01"
"CT","Connecticut",277,"2019-08-01"
"CT","Connecticut",270,"2019-09-01"
"CT","Connecticut",351,"2019-10-01"
"CT","Connecticut",250,"2019-11-01"
"CT","Connecticut",292,"2019-12-01"
"CT","Connecticut",383,"2020-01-01"
"CT","Connecticut",570,"2020-02-01"
"CT","Connecticut",426,"2020-03-01"
"CT","Connecticut",456,"2020-04-01"
"CT","Connecticut",331,"2020-05-01"
"CT","Connecticut",368,"2020-06-01"
"CT","Connecticut",91,"2020-07-01"
"CT","Connecticut",113,"2020-08-01"
"CT","Connecticut",986,"2020-09-01"
"CT","Connecticut",1604,"2020-10-01"
"CT","Connecticut",1664,"2020-11-01"
"CT","Connecticut",1497,"2020-12-01"
"DE","Delaware",8,"2016-03-01"
"DE","Delaware",18,"2016-04-01"
"DE","Delaware",16,"2016-05-01"
"DE","Delaware",34,"2016-06-01"
"DE","Delaware",23,"2016-07-01"
"DE","Delaware",30,"2016-08-01"
"DE","Delaware",25,"2016-09-01"
"DE","Delaware",27,"2016-10-01"
"DE","Delaware",43,"2016-11-01"
"DE","Delaware",22,"2016-12-01"
"DE","Delaware",25,"2017-01-01"
"DE","Delaware",26,"2017-02-01"
"DE","Delaware",20,"2017-03-01"
"DE","Delaware",23,"2017-04-01"
"DE","Delaware",46,"2017-05-01"
"DE","Delaware",34,"2017-06-01"
"DE","Delaware",36,"2017-07-01"
"DE","Delaware",74,"2017-08-01"
"DE","Delaware",104,"2017-09-01"
"DE","Delaware",90,"2017-10-01"
"DE","Delaware",77,"2017-11-01"
"DE","Delaware",85,"2017-12-01"
"DE","Delaware",67,"2018-01-01"
"DE","Delaware",86,"2018-02-01"
"DE","Delaware",100,"2018-03-01"
"DE","Delaware",70,"2018-04-01"
"DE","Delaware",112,"2018-05-01"
"DE","Delaware",91,"2018-06-01"
"DE","Delaware",75,"2018-07-01"
"DE","Delaware",66,"2018-08-01"
"DE","Delaware",29,"2018-09-01"
"DE","Delaware",111,"2018-10-01"
"DE","Delaware",93,"2018-11-01"
"DE","Delaware",124,"2018-12-01"
"DE","Delaware",69,"2019-01-01"
"DE","Delaware",63,"2019-02-01"
"DE","Delaware",45,"2019-03-01"
"DE","Delaware",95,"2019-04-01"
"DE","Delaware",81,"2019-05-01"
"DE","Delaware",79,"2019-06-01"
"DE","Delaware",88,"2019-07-01"
"DE","Delaware",65,"2019-08-01"
"DE","Delaware",47,"2019-09-01"
"DE","Delaware",88,"2019-10-01"
"DE","Delaware",100,"2019-11-01"
"DE","Delaware",88,"2019-12-01"
"DE","Delaware",78,"2020-01-01"
"DE","Delaware",115,"2020-02-01"
"DE","Delaware",153,"2020-03-01"
"DE","Delaware",251,"2020-04-01"
"DE","Delaware",192,"2020-05-01"
"DE","Delaware",179,"2020-06-01"
"DE","Delaware",59,"2020-07-01"
"DE","Delaware",66,"2020-08-01"
"DE","Delaware",125,"2020-09-01"
"DE","Delaware",191,"2020-10-01"
"DE","Delaware",198,"2020-11-01"
"DE","Delaware",200,"2020-12-01"
"FL","Florida",1225,"2016-06-01"
"FL","Florida",3263,"2016-07-01"
"FL","Florida",4118,"2016-08-01"
"FL","Florida",3549,"2016-09-01"
"FL","Florida",3539,"2016-10-01"
"FL","Florida",4230,"2016-11-01"
"FL","Florida",4021,"2016-12-01"
"FL","Florida",3521,"2017-01-01"
"FL","Florida",3228,"2017-02-01"
"FL","Florida",4128,"2017-03-01"
"FL","Florida",2915,"2017-04-01"
"FL","Florida",2624,"2017-05-01"
"FL","Florida",2748,"2017-06-01"
"FL","Florida",2295,"2017-07-01"
"FL","Florida",4123,"2017-08-01"
"FL","Florida",2855,"2017-09-01"
"FL","Florida",3420,"2017-10-01"
"FL","Florida",3506,"2017-11-01"
"FL","Florida",3412,"2017-12-01"
"FL","Florida",3122,"2018-01-01"
"FL","Florida",3043,"2018-02-01"
"FL","Florida",3396,"2018-03-01"
"FL","Florida",3295,"2018-04-01"
"FL","Florida",3559,"2018-05-01"
"FL","Florida",2985,"2018-06-01"
"FL","Florida",2929,"2018-07-01"
"FL","Florida",3766,"2018-08-01"
"FL","Florida",2912,"2018-09-01"
"FL","Florida",4131,"2018-10-01"
"FL","Florida",3502,"2018-11-01"
"FL","Florida",3379,"2018-12-01"
"FL","Florida",3005,"2019-01-01"
"FL","Florida",2605,"2019-02-01"
"FL","Florida",2868,"2019-03-01"
"FL","Florida",3191,"2019-04-01"
"FL","Florida",3043,"2019-05-01"
"FL","Florida",3033,"2019-06-01"
"FL","Florida",3034,"2019-07-01"
"FL","Florida",3131,"2019-08-01"
"FL","Florida",2622,"2019-09-01"
"FL","Florida",3325,"2019-10-01"
"FL","Florida",2801,"2019-11-01"
"FL","Florida",2749,"2019-12-01"
"FL","Florida",2970,"2020-01-01"
"FL","Florida",2979,"2020-02-01"
"FL","Florida",4084,"2020-03-01"
"FL","Florida",4438,"2020-04-01"
"FL","Florida",4565,"2020-05-01"
"FL","Florida",5078,"2020-06-01"
"FL","Florida",1651,"2020-07-01"
"FL","Florida",1715,"2020-08-01"
"FL","Florida",13186,"2020-09-01"
"FL","Florida",21093,"2020-10-01"
"FL","Florida",28230,"2020-11-01"
"FL","Florida",35165,"2020-12-01"
"GA","Georgia",510,"2016-06-01"
"GA","Georgia",1044,"2016-07-01"
"GA","Georgia",1253,"2016-08-01"
"GA","Georgia",1335,"2016-09-01"
"GA","Georgia",1302,"2016-10-01"
"GA","Georgia",1417,"2016-11-01"
"GA","Georgia",1416,"2016-12-01"
"GA","Georgia",1195,"2017-01-01"
"GA","Georgia",1061,"2017-02-01"
"GA","Georgia",1212,"2017-03-01"
"GA","Georgia",928,"2017-04-01"
"GA","Georgia",1009,"2017-05-01"
"GA","Georgia",1041,"2017-06-01"
"GA","Georgia",1021,"2017-07-01"
"GA","Georgia",1247,"2017-08-01"
"GA","Georgia",1169,"2017-09-01"
"GA","Georgia",1359,"2017-10-01"
"GA","Georgia",1169,"2017-11-01"
"GA","Georgia",1224,"2017-12-01"
"GA","Georgia",1337,"2018-01-01"
"GA","Georgia",1230,"2018-02-01"
"GA","Georgia",1367,"2018-03-01"
"GA","Georgia",1180,"2018-04-01"
"GA","Georgia",1155,"2018-05-01"
"GA","Georgia",1163,"2018-06-01"
"GA","Georgia",1178,"2018-07-01"
"GA","Georgia",1509,"2018-08-01"
"GA","Georgia",1096,"2018-09-01"
"GA","Georgia",1512,"2018-10-01"
"GA","Georgia",1471,"2018-11-01"
"GA","Georgia",1426,"2018-12-01"
"GA","Georgia",1504,"2019-01-01"
"GA","Georgia",1410,"2019-02-01"
"GA","Georgia",1255,"2019-03-01"
"GA","Georgia",1333,"2019-04-01"
"GA","Georgia",1480,"2019-05-01"
"GA","Georgia",1262,"2019-06-01"
"GA","Georgia",1068,"2019-07-01"
"GA","Georgia",1169,"2019-08-01"
"GA","Georgia",853,"2019-09-01"
"GA","Georgia",1270,"2019-10-01"
"GA","Georgia",857,"2019-11-01"
"GA","Georgia",1098,"2019-12-01"
"GA","Georgia",991,"2020-01-01"
"GA","Georgia",1024,"2020-02-01"
"GA","Georgia",1148,"2020-03-01"
"GA","Georgia",1310,"2020-04-01"
"GA","Georgia",1302,"2020-05-01"
"GA","Georgia",1335,"2020-06-01"
"GA","Georgia",555,"2020-07-01"
"GA","Georgia",527,"2020-08-01"
"GA","Georgia",1666,"2020-09-01"
"GA","Georgia",2106,"2020-10-01"
"GA","Georgia",2818,"2020-11-01"
"GA","Georgia",2659,"2020-12-01"
"IA","Iowa",36,"2016-03-01"
"IA","Iowa",70,"2016-04-01"
"IA","Iowa",98,"2016-05-01"
"IA","Iowa",119,"2016-06-01"
"IA","Iowa",96,"2016-07-01"
"IA","Iowa",116,"2016-08-01"
"IA","Iowa",152,"2016-09-01"
"IA","Iowa",207,"2016-10-01"
"IA","Iowa",240,"2016-11-01"
"IA","Iowa",252,"2016-12-01"
"IA","Iowa",213,"2017-01-01"
"IA","Iowa",215,"2017-02-01"
"IA","Iowa",152,"2017-03-01"
"IA","Iowa",179,"2017-04-01"
"IA","Iowa",121,"2017-05-01"
"IA","Iowa",155,"2017-06-01"
"IA","Iowa",184,"2017-07-01"
"IA","Iowa",187,"2017-08-01"
"IA","Iowa",109,"2017-09-01"
"IA","Iowa",83,"2017-10-01"
"IA","Iowa",188,"2017-11-01"
"IA","Iowa",175,"2017-12-01"
"IA","Iowa",110,"2018-01-01"
"IA","Iowa",280,"2018-02-01"
"IA","Iowa",99,"2018-03-01"
"IA","Iowa",111,"2018-04-01"
"IA","Iowa",115,"2018-05-01"
"IA","Iowa",99,"2018-06-01"
"IA","Iowa",68,"2018-07-01"
"IA","Iowa",79,"2018-08-01"
"IA","Iowa",59,"2018-09-01"
"IA","Iowa",104,"2018-10-01"
"IA","Iowa",117,"2018-11-01"
"IA","Iowa",112,"2018-12-01"
"IA","Iowa",205,"2019-01-01"
"IA","Iowa",184,"2019-02-01"
"IA","Iowa",78,"2019-03-01"
"IA","Iowa",90,"2019-04-01"
"IA","Iowa",94,"2019-05-01"
"IA","Iowa",95,"2019-06-01"
"IA","Iowa",129,"2019-07-01"
"IA","Iowa",145,"2019-08-01"
"IA","Iowa",140,"2019-09-01"
"IA","Iowa",211,"2019-10-01"
"IA","Iowa",173,"2019-11-01"
"IA","Iowa",173,"2019-12-01"
"IA","Iowa",195,"2020-01-01"
"IA","Iowa",102,"2020-02-01"
"IA","Iowa",91,"2020-03-01"
"IA","Iowa",117,"2020-04-01"
"IA","Iowa",111,"2020-05-01"
"IA","Iowa",118,"2020-06-01"
"IA","Iowa",64,"2020-07-01"
"IA","Iowa",56,"2020-08-01"
"IA","Iowa",231,"2020-09-01"
"IA","Iowa",448,"2020-10-01"
"IA","Iowa",520,"2020-11-01"
"IA","Iowa",1022,"2020-12-01"
"ID","Idaho",37,"2016-06-01"
"ID","Idaho",82,"2016-07-01"
"ID","Idaho",62,"2016-08-01"
"ID","Idaho",47,"2016-09-01"
"ID","Idaho",49,"2016-10-01"
"ID","Idaho",59,"2016-11-01"
"ID","Idaho",83,"2016-12-01"
"ID","Idaho",78,"2017-01-01"
"ID","Idaho",56,"2017-02-01"
"ID","Idaho",37,"2017-03-01"
"ID","Idaho",24,"2017-04-01"
"ID","Idaho",33,"2017-05-01"
"ID","Idaho",24,"2017-06-01"
"ID","Idaho",39,"2017-07-01"
"ID","Idaho",27,"2017-08-01"
"ID","Idaho",9,"2017-09-01"
"ID","Idaho",8,"2017-10-01"
"ID","Idaho",4,"2017-11-01"
"ID","Idaho",7,"2017-12-01"
"ID","Idaho",5,"2018-01-01"
"ID","Idaho",27,"2018-02-01"
"ID","Idaho",44,"2018-03-01"
"ID","Idaho",29,"2018-04-01"
"ID","Idaho",38,"2018-05-01"
"ID","Idaho",28,"2018-06-01"
"ID","Idaho",49,"2018-07-01"
"ID","Idaho",42,"2018-08-01"
"ID","Idaho",35,"2018-09-01"
"ID","Idaho",38,"2018-10-01"
"ID","Idaho",27,"2018-11-01"
"ID","Idaho",27,"2018-12-01"
"ID","Idaho",48,"2019-01-01"
"ID","Idaho",65,"2019-02-01"
"ID","Idaho",28,"2019-03-01"
"ID","Idaho",25,"2019-04-01"
"ID","Idaho",43,"2019-05-01"
"ID","Idaho",39,"2019-06-01"
"ID","Idaho",54,"2019-07-01"
"ID","Idaho",49,"2019-08-01"
"ID","Idaho",37,"2019-09-01"
"ID","Idaho",64,"2019-10-01"
"ID","Idaho",31,"2019-11-01"
"ID","Idaho",57,"2019-12-01"
"ID","Idaho",73,"2020-01-01"
"ID","Idaho",52,"2020-02-01"
"ID","Idaho",41,"2020-03-01"
"ID","Idaho",26,"2020-04-01"
"ID","Idaho",50,"2020-05-01"
"ID","Idaho",33,"2020-06-01"
"ID","Idaho",2,"2020-08-01"
"ID","Idaho",168,"2020-09-01"
"ID","Idaho",510,"2020-10-01"
"ID","Idaho",652,"2020-11-01"
"ID","Idaho",864,"2020-12-01"
"IL","Illinois",1,"2016-04-01"
"IL","Illinois",703,"2016-06-01"
"IL","Illinois",1617,"2016-07-01"
"IL","Illinois",2076,"2016-08-01"
"IL","Illinois",1809,"2016-09-01"
"IL","Illinois",1869,"2016-10-01"
"IL","Illinois",2201,"2016-11-01"
"IL","Illinois",2179,"2016-12-01"
"IL","Illinois",1819,"2017-01-01"
"IL","Illinois",1778,"2017-02-01"
"IL","Illinois",1897,"2017-03-01"
"IL","Illinois",1710,"2017-04-01"
"IL","Illinois",1502,"2017-05-01"
"IL","Illinois",1620,"2017-06-01"
"IL","Illinois",1270,"2017-07-01"
"IL","Illinois",1357,"2017-08-01"
"IL","Illinois",1156,"2017-09-01"
"IL","Illinois",1473,"2017-10-01"
"IL","Illinois",1373,"2017-11-01"
"IL","Illinois",1283,"2017-12-01"
"IL","Illinois",1605,"2018-01-01"
"IL","Illinois",1323,"2018-02-01"
"IL","Illinois",1268,"2018-03-01"
"IL","Illinois",1075,"2018-04-01"
"IL","Illinois",1168,"2018-05-01"
"IL","Illinois",1178,"2018-06-01"
"IL","Illinois",1300,"2018-07-01"
"IL","Illinois",1316,"2018-08-01"
"IL","Illinois",1417,"2018-09-01"
"IL","Illinois",1763,"2018-10-01"
"IL","Illinois",1555,"2018-11-01"
"IL","Illinois",1020,"2018-12-01"
"IL","Illinois",1395,"2019-01-01"
"IL","Illinois",1184,"2019-02-01"
"IL","Illinois",1061,"2019-03-01"
"IL","Illinois",1140,"2019-04-01"
"IL","Illinois",1278,"2019-05-01"
"IL","Illinois",1031,"2019-06-01"
"IL","Illinois",867,"2019-07-01"
"IL","Illinois",917,"2019-08-01"
"IL","Illinois",842,"2019-09-01"
"IL","Illinois",1289,"2019-10-01"
"IL","Illinois",1095,"2019-11-01"
"IL","Illinois",1199,"2019-12-01"
"IL","Illinois",1242,"2020-01-01"
"IL","Illinois",1003,"2020-02-01"
"IL","Illinois",1164,"2020-03-01"
"IL","Illinois",1964,"2020-04-01"
"IL","Illinois",2288,"2020-05-01"
"IL","Illinois",2943,"2020-06-01"
"IL","Illinois",513,"2020-07-01"
"IL","Illinois",600,"2020-08-01"
"IL","Illinois",944,"2020-09-01"
"IL","Illinois",1712,"2020-10-01"
"IL","Illinois",1599,"2020-11-01"
"IL","Illinois",1675,"2020-12-01"
"IN","Indiana",90,"2016-02-01"
"IN","Indiana",62,"2016-03-01"
"IN","Indiana",74,"2016-04-01"
"IN","Indiana",58,"2016-05-01"
"IN","Indiana",88,"2016-06-01"
"IN","Indiana",160,"2016-07-01"
"IN","Indiana",211,"2016-08-01"
"IN","Indiana",173,"2016-09-01"
"IN","Indiana",202,"2016-10-01"
"IN","Indiana",203,"2016-11-01"
"IN","Indiana",289,"2016-12-01"
"IN","Indiana",215,"2017-01-01"
"IN","Indiana",197,"2017-02-01"
"IN","Indiana",190,"2017-03-01"
"IN","Indiana",165,"2017-04-01"
"IN","Indiana",225,"2017-05-01"
"IN","Indiana",169,"2017-06-01"
"IN","Indiana",227,"2017-07-01"
"IN","Indiana",726,"2017-08-01"
"IN","Indiana",791,"2017-09-01"
"IN","Indiana",596,"2017-10-01"
"IN","Indiana",365,"2017-11-01"
"IN","Indiana",617,"2017-12-01"
"IN","Indiana",938,"2018-01-01"
"IN","Indiana",707,"2018-02-01"
"IN","Indiana",624,"2018-03-01"
"IN","Indiana",613,"2018-04-01"
"IN","Indiana",608,"2018-05-01"
"IN","Indiana",630,"2018-06-01"
"IN","Indiana",678,"2018-07-01"
"IN","Indiana",526,"2018-08-01"
"IN","Indiana",771,"2018-09-01"
"IN","Indiana",887,"2018-10-01"
"IN","Indiana",338,"2018-11-01"
"IN","Indiana",464,"2018-12-01"
"IN","Indiana",493,"2019-01-01"
"IN","Indiana",422,"2019-02-01"
"IN","Indiana",300,"2019-03-01"
"IN","Indiana",329,"2019-04-01"
"IN","Indiana",418,"2019-05-01"
"IN","Indiana",368,"2019-06-01"
"IN","Indiana",452,"2019-07-01"
"IN","Indiana",510,"2019-08-01"
"IN","Indiana",418,"2019-09-01"
"IN","Indiana",405,"2019-10-01"
"IN","Indiana",285,"2019-11-01"
"IN","Indiana",422,"2019-12-01"
"IN","Indiana",371,"2020-01-01"
"IN","Indiana",288,"2020-02-01"
"IN","Indiana",317,"2020-03-01"
"IN","Indiana",414,"2020-04-01"
"IN","Indiana",650,"2020-05-01"
"IN","Indiana",765,"2020-06-01"
"IN","Indiana",157,"2020-07-01"
"IN","Indiana",135,"2020-08-01"
"IN","Indiana",476,"2020-09-01"
"IN","Indiana",808,"2020-10-01"
"IN","Indiana",855,"2020-11-01"
"IN","Indiana",1058,"2020-12-01"
"KS","Kansas",49,"2016-06-01"
"KS","Kansas",97,"2016-07-01"
"KS","Kansas",139,"2016-08-01"
"KS","Kansas",93,"2016-09-01"
"KS","Kansas",122,"2016-10-01"
"KS","Kansas",144,"2016-11-01"
"KS","Kansas",118,"2016-12-01"
"KS","Kansas",128,"2017-01-01"
"KS","Kansas",89,"2017-02-01"
"KS","Kansas",141,"2017-03-01"
"KS","Kansas",118,"2017-04-01"
"KS","Kansas",110,"2017-05-01"
"KS","Kansas",87,"2017-06-01"
"KS","Kansas",127,"2017-07-01"
"KS","Kansas",191,"2017-08-01"
"KS","Kansas",116,"2017-09-01"
"KS","Kansas",104,"2017-10-01"
"KS","Kansas",108,"2017-11-01"
"KS","Kansas",134,"2017-12-01"
"KS","Kansas",180,"2018-01-01"
"KS","Kansas",143,"2018-02-01"
"KS","Kansas",168,"2018-03-01"
"KS","Kansas",130,"2018-04-01"
"KS","Kansas",124,"2018-05-01"
"KS","Kansas",95,"2018-06-01"
"KS","Kansas",97,"2018-07-01"
"KS","Kansas",147,"2018-08-01"
"KS","Kansas",141,"2018-09-01"
"KS","Kansas",184,"2018-10-01"
"KS","Kansas",186,"2018-11-01"
"KS","Kansas",123,"2018-12-01"
"KS","Kansas",126,"2019-01-01"
"KS","Kansas",140,"2019-02-01"
"KS","Kansas",93,"2019-03-01"
"KS","Kansas",111,"2019-04-01"
"KS","Kansas",97,"2019-05-01"
"KS","Kansas",104,"2019-06-01"
"KS","Kansas",106,"2019-07-01"
"KS","Kansas",98,"2019-08-01"
"KS","Kansas",87,"2019-09-01"
"KS","Kansas",97,"2019-10-01"
"KS","Kansas",87,"2019-11-01"
"KS","Kansas",86,"2019-12-01"
"KS","Kansas",108,"2020-01-01"
"KS","Kansas",60,"2020-02-01"
"KS","Kansas",80,"2020-03-01"
"KS","Kansas",153,"2020-04-01"
"KS","Kansas",183,"2020-05-01"
"KS","Kansas",189,"2020-06-01"
"KS","Kansas",51,"2020-07-01"
"KS","Kansas",37,"2020-08-01"
"KS","Kansas",191,"2020-09-01"
"KS","Kansas",274,"2020-10-01"
"KS","Kansas",454,"2020-11-01"
"KS","Kansas",499,"2020-12-01"
"KY","Kentucky",41,"2016-02-01"
"KY","Kentucky",121,"2016-03-01"
"KY","Kentucky",92,"2016-04-01"
"KY","Kentucky",62,"2016-05-01"
"KY","Kentucky",68,"2016-06-01"
"KY","Kentucky",138,"2016-07-01"
"KY","Kentucky",126,"2016-08-01"
"KY","Kentucky",80,"2016-09-01"
"KY","Kentucky",121,"2016-10-01"
"KY","Kentucky",123,"2016-11-01"
"KY","Kentucky",95,"2016-12-01"
"KY","Kentucky",53,"2017-01-01"
"KY","Kentucky",57,"2017-02-01"
"KY","Kentucky",99,"2017-03-01"
"KY","Kentucky",56,"2017-04-01"
"KY","Kentucky",49,"2017-05-01"
"KY","Kentucky",61,"2017-06-01"
"KY","Kentucky",101,"2017-07-01"
"KY","Kentucky",321,"2017-08-01"
"KY","Kentucky",391,"2017-09-01"
"KY","Kentucky",382,"2017-10-01"
"KY","Kentucky",205,"2017-11-01"
"KY","Kentucky",323,"2017-12-01"
"KY","Kentucky",413,"2018-01-01"
"KY","Kentucky",420,"2018-02-01"
"KY","Kentucky",371,"2018-03-01"
"KY","Kentucky",374,"2018-04-01"
"KY","Kentucky",298,"2018-05-01"
"KY","Kentucky",371,"2018-06-01"
"KY","Kentucky",363,"2018-07-01"
"KY","Kentucky",370,"2018-08-01"
"KY","Kentucky",427,"2018-09-01"
"KY","Kentucky",457,"2018-10-01"
"KY","Kentucky",389,"2018-11-01"
"KY","Kentucky",318,"2018-12-01"
"KY","Kentucky",299,"2019-01-01"
"KY","Kentucky",264,"2019-02-01"
"KY","Kentucky",251,"2019-03-01"
"KY","Kentucky",259,"2019-04-01"
"KY","Kentucky",311,"2019-05-01"
"KY","Kentucky",328,"2019-06-01"
"KY","Kentucky",325,"2019-07-01"
"KY","Kentucky",304,"2019-08-01"
"KY","Kentucky",345,"2019-09-01"
"KY","Kentucky",411,"2019-10-01"
"KY","Kentucky",365,"2019-11-01"
"KY","Kentucky",275,"2019-12-01"
"KY","Kentucky",320,"2020-01-01"
"KY","Kentucky",280,"2020-02-01"
"KY","Kentucky",315,"2020-03-01"
"KY","Kentucky",412,"2020-04-01"
"KY","Kentucky",509,"2020-05-01"
"KY","Kentucky",636,"2020-06-01"
"KY","Kentucky",122,"2020-07-01"
"KY","Kentucky",150,"2020-08-01"
"KY","Kentucky",188,"2020-09-01"
"KY","Kentucky",294,"2020-10-01"
"KY","Kentucky",318,"2020-11-01"
"KY","Kentucky",279,"2020-12-01"
"LA","Louisiana",44,"2016-06-01"
"LA","Louisiana",134,"2016-07-01"
"LA","Louisiana",204,"2016-08-01"
"LA","Louisiana",118,"2016-09-01"
"LA","Louisiana",96,"2016-10-01"
"LA","Louisiana",136,"2016-11-01"
"LA","Louisiana",117,"2016-12-01"
"LA","Louisiana",129,"2017-01-01"
"LA","Louisiana",120,"2017-02-01"
"LA","Louisiana",161,"2017-03-01"
"LA","Louisiana",127,"2017-04-01"
"LA","Louisiana",28,"2017-05-01"
"LA","Louisiana",154,"2017-07-01"
"LA","Louisiana",1422,"2017-08-01"
"LA","Louisiana",1437,"2017-09-01"
"LA","Louisiana",1258,"2017-10-01"
"LA","Louisiana",897,"2017-11-01"
"LA","Louisiana",767,"2017-12-01"
"LA","Louisiana",826,"2018-01-01"
"LA","Louisiana",820,"2018-02-01"
"LA","Louisiana",1075,"2018-03-01"
"LA","Louisiana",1093,"2018-04-01"
"LA","Louisiana",1246,"2018-05-01"
"LA","Louisiana",856,"2018-06-01"
"LA","Louisiana",698,"2018-07-01"
"LA","Louisiana",886,"2018-08-01"
"LA","Louisiana",876,"2018-09-01"
"LA","Louisiana",898,"2018-10-01"
"LA","Louisiana",858,"2018-11-01"
"LA","Louisiana",759,"2018-12-01"
"LA","Louisiana",780,"2019-01-01"
"LA","Louisiana",757,"2019-02-01"
"LA","Louisiana",873,"2019-03-01"
"LA","Louisiana",876,"2019-04-01"
"LA","Louisiana",845,"2019-05-01"
"LA","Louisiana",798,"2019-06-01"
"LA","Louisiana",822,"2019-07-01"
"LA","Louisiana",961,"2019-08-01"
"LA","Louisiana",1032,"2019-09-01"
"LA","Louisiana",794,"2019-10-01"
"LA","Louisiana",704,"2019-11-01"
"LA","Louisiana",650,"2019-12-01"
"LA","Louisiana",707,"2020-01-01"
"LA","Louisiana",696,"2020-02-01"
"LA","Louisiana",1038,"2020-03-01"
"LA","Louisiana",1220,"2020-04-01"
"LA","Louisiana",1129,"2020-05-01"
"LA","Louisiana",1389,"2020-06-01"
"LA","Louisiana",582,"2020-07-01"
"LA","Louisiana",526,"2020-08-01"
"LA","Louisiana",1724,"2020-09-01"
"LA","Louisiana",3080,"2020-10-01"
"LA","Louisiana",4501,"2020-11-01"
"LA","Louisiana",5379,"2020-12-01"
"MA","Massachusetts",35,"2016-03-01"
"MA","Massachusetts",66,"2016-04-01"
"MA","Massachusetts",84,"2016-05-01"
"MA","Massachusetts",183,"2016-06-01"
"MA","Massachusetts",416,"2016-07-01"
"MA","Massachusetts",459,"2016-08-01"
"MA","Massachusetts",381,"2016-09-01"
"MA","Massachusetts",410,"2016-10-01"
"MA","Massachusetts",509,"2016-11-01"
"MA","Massachusetts",463,"2016-12-01"
"MA","Massachusetts",499,"2017-01-01"
"MA","Massachusetts",522,"2017-02-01"
"MA","Massachusetts",420,"2017-03-01"
"MA","Massachusetts",283,"2017-04-01"
"MA","Massachusetts",248,"2017-05-01"
"MA","Massachusetts",310,"2017-06-01"
"MA","Massachusetts",324,"2017-07-01"
"MA","Massachusetts",473,"2017-08-01"
"MA","Massachusetts",457,"2017-09-01"
"MA","Massachusetts",523,"2017-10-01"
"MA","Massachusetts",515,"2017-11-01"
"MA","Massachusetts",431,"2017-12-01"
"MA","Massachusetts",538,"2018-01-01"
"MA","Massachusetts",464,"2018-02-01"
"MA","Massachusetts",368,"2018-03-01"
"MA","Massachusetts",321,"2018-04-01"
"MA","Massachusetts",483,"2018-05-01"
"MA","Massachusetts",483,"2018-06-01"
"MA","Massachusetts",276,"2018-07-01"
"MA","Massachusetts",426,"2018-08-01"
"MA","Massachusetts",378,"2018-09-01"
"MA","Massachusetts",560,"2018-10-01"
"MA","Massachusetts",515,"2018-11-01"
"MA","Massachusetts",380,"2018-12-01"
"MA","Massachusetts",499,"2019-01-01"
"MA","Massachusetts",456,"2019-02-01"
"MA","Massachusetts",411,"2019-03-01"
"MA","Massachusetts",384,"2019-04-01"
"MA","Massachusetts",421,"2019-05-01"
"MA","Massachusetts",328,"2019-06-01"
"MA","Massachusetts",386,"2019-07-01"
"MA","Massachusetts",335,"2019-08-01"
"MA","Massachusetts",403,"2019-09-01"
"MA","Massachusetts",475,"2019-10-01"
"MA","Massachusetts",425,"2019-11-01"
"MA","Massachusetts",465,"2019-12-01"
"MA","Massachusetts",454,"2020-01-01"
"MA","Massachusetts",445,"2020-02-01"
"MA","Massachusetts",643,"2020-03-01"
"MA","Massachusetts",999,"2020-04-01"
"MA","Massachusetts",842,"2020-05-01"
"MA","Massachusetts",843,"2020-06-01"
"MA","Massachusetts",340,"2020-07-01"
"MA","Massachusetts",357,"2020-08-01"
"MA","Massachusetts",417,"2020-09-01"
"MA","Massachusetts",506,"2020-10-01"
"MA","Massachusetts",560,"2020-11-01"
"MA","Massachusetts",524,"2020-12-01"
"MD","Maryland",8,"2016-03-01"
"MD","Maryland",18,"2016-04-01"
"MD","Maryland",19,"2016-05-01"
"MD","Maryland",335,"2016-06-01"
"MD","Maryland",620,"2016-07-01"
"MD","Maryland",698,"2016-08-01"
"MD","Maryland",610,"2016-09-01"
"MD","Maryland",740,"2016-10-01"
"MD","Maryland",870,"2016-11-01"
"MD","Maryland",939,"2016-12-01"
"MD","Maryland",752,"2017-01-01"
"MD","Maryland",710,"2017-02-01"
"MD","Maryland",827,"2017-03-01"
"MD","Maryland",657,"2017-04-01"
"MD","Maryland",572,"2017-05-01"
"MD","Maryland",725,"2017-06-01"
"MD","Maryland",702,"2017-07-01"
"MD","Maryland",790,"2017-08-01"
"MD","Maryland",796,"2017-09-01"
"MD","Maryland",571,"2017-10-01"
"MD","Maryland",548,"2017-11-01"
"MD","Maryland",819,"2017-12-01"
"MD","Maryland",786,"2018-01-01"
"MD","Maryland",733,"2018-02-01"
"MD","Maryland",754,"2018-03-01"
"MD","Maryland",573,"2018-04-01"
"MD","Maryland",570,"2018-05-01"
"MD","Maryland",482,"2018-06-01"
"MD","Maryland",504,"2018-07-01"
"MD","Maryland",357,"2018-08-01"
"MD","Maryland",510,"2018-09-01"
"MD","Maryland",764,"2018-10-01"
"MD","Maryland",747,"2018-11-01"
"MD","Maryland",635,"2018-12-01"
"MD","Maryland",859,"2019-01-01"
"MD","Maryland",807,"2019-02-01"
"MD","Maryland",713,"2019-03-01"
"MD","Maryland",582,"2019-04-01"
"MD","Maryland",679,"2019-05-01"
"MD","Maryland",645,"2019-06-01"
"MD","Maryland",729,"2019-07-01"
"MD","Maryland",628,"2019-08-01"
"MD","Maryland",506,"2019-09-01"
"MD","Maryland",711,"2019-10-01"
"MD","Maryland",481,"2019-11-01"
"MD","Maryland",711,"2019-12-01"
"MD","Maryland",503,"2020-01-01"
"MD","Maryland",451,"2020-02-01"
"MD","Maryland",1501,"2020-03-01"
"MD","Maryland",2706,"2020-04-01"
"MD","Maryland",1987,"2020-05-01"
"MD","Maryland",1858,"2020-06-01"
"MD","Maryland",209,"2020-07-01"
"MD","Maryland",243,"2020-08-01"
"MD","Maryland",1900,"2020-09-01"
"MD","Maryland",3396,"2020-10-01"
"MD","Maryland",4074,"2020-11-01"
"MD","Maryland",5135,"2020-12-01"
"ME","Maine",1,"2016-03-01"
"ME","Maine",2,"2016-04-01"
"ME","Maine",1,"2016-06-01"
"ME","Maine",20,"2016-07-01"
"ME","Maine",19,"2016-08-01"
"ME","Maine",17,"2016-09-01"
"ME","Maine",15,"2016-10-01"
"ME","Maine",23,"2016-11-01"
"ME","Maine",37,"2016-12-01"
"ME","Maine",37,"2017-01-01"
"ME","Maine",61,"2017-02-01"
"ME","Maine",44,"2017-03-01"
"ME","Maine",36,"2017-04-01"
"ME","Maine",47,"2017-05-01"
"ME","Maine",48,"2017-06-01"
"ME","Maine",62,"2017-07-01"
"ME","Maine",70,"2017-08-01"
"ME","Maine",49,"2017-09-01"
"ME","Maine",37,"2017-10-01"
"ME","Maine",26,"2017-11-01"
"ME","Maine",68,"2017-12-01"
"ME","Maine",52,"2018-01-01"
"ME","Maine",31,"2018-02-01"
"ME","Maine",22,"2018-03-01"
"ME","Maine",38,"2018-04-01"
"ME","Maine",29,"2018-05-01"
"ME","Maine",55,"2018-06-01"
"ME","Maine",93,"2018-07-01"
"ME","Maine",99,"2018-08-01"
"ME","Maine",79,"2018-09-01"
"ME","Maine",63,"2018-10-01"
"ME","Maine",75,"2018-11-01"
"ME","Maine",51,"2018-12-01"
"ME","Maine",39,"2019-01-01"
"ME","Maine",51,"2019-02-01"
"ME","Maine",55,"2019-03-01"
"ME","Maine",39,"2019-04-01"
"ME","Maine",46,"2019-05-01"
"ME","Maine",60,"2019-06-01"
"ME","Maine",79,"2019-07-01"
"ME","Maine",64,"2019-08-01"
"ME","Maine",49,"2019-09-01"
"ME","Maine",57,"2019-10-01"
"ME","Maine",31,"2019-11-01"
"ME","Maine",52,"2019-12-01"
"ME","Maine",38,"2020-01-01"
"ME","Maine",52,"2020-02-01"
"ME","Maine",19,"2020-03-01"
"ME","Maine",16,"2020-04-01"
"ME","Maine",23,"2020-05-01"
"ME","Maine",26,"2020-06-01"
"ME","Maine",2,"2020-07-01"
"ME","Maine",2,"2020-08-01"
"ME","Maine",2,"2020-09-01"
"ME","Maine",12,"2020-10-01"
"ME","Maine",13,"2020-11-01"
"ME","Maine",32,"2020-12-01"
"MI","Michigan",10,"2016-02-01"
"MI","Michigan",12,"2016-03-01"
"MI","Michigan",3,"2016-04-01"
"MI","Michigan",4,"2016-05-01"
"MI","Michigan",441,"2016-06-01"
"MI","Michigan",1206,"2016-07-01"
"MI","Michigan",1482,"2016-08-01"
"MI","Michigan",1512,"2016-09-01"
"MI","Michigan",1570,"2016-10-01"
"MI","Michigan",1634,"2016-11-01"
"MI","Michigan",2024,"2016-12-01"
"MI","Michigan",1639,"2017-01-01"
"MI","Michigan",1232,"2017-02-01"
"MI","Michigan",1651,"2017-03-01"
"MI","Michigan",1207,"2017-04-01"
"MI","Michigan",1161,"2017-05-01"
"MI","Michigan",1398,"2017-06-01"
"MI","Michigan",1186,"2017-07-01"
"MI","Michigan",1446,"2017-08-01"
"MI","Michigan",1400,"2017-09-01"
"MI","Michigan",1490,"2017-10-01"
"MI","Michigan",968,"2017-11-01"
"MI","Michigan",1815,"2017-12-01"
"MI","Michigan",1745,"2018-01-01"
"MI","Michigan",1474,"2018-02-01"
"MI","Michigan",1293,"2018-03-01"
"MI","Michigan",1298,"2018-04-01"
"MI","Michigan",1443,"2018-05-01"
"MI","Michigan",1122,"2018-06-01"
"MI","Michigan",967,"2018-07-01"
"MI","Michigan",1106,"2018-08-01"
"MI","Michigan",1144,"2018-09-01"
"MI","Michigan",1225,"2018-10-01"
"MI","Michigan",1150,"2018-11-01"
"MI","Michigan",905,"2018-12-01"
"MI","Michigan",1569,"2019-01-01"
"MI","Michigan",1095,"2019-02-01"
"MI","Michigan",890,"2019-03-01"
"MI","Michigan",974,"2019-04-01"
"MI","Michigan",1125,"2019-05-01"
"MI","Michigan",992,"2019-06-01"
"MI","Michigan",1092,"2019-07-01"
"MI","Michigan",899,"2019-08-01"
"MI","Michigan",925,"2019-09-01"
"MI","Michigan",1178,"2019-10-01"
"MI","Michigan",1054,"2019-11-01"
"MI","Michigan",852,"2019-12-01"
"MI","Michigan",1006,"2020-01-01"
"MI","Michigan",809,"2020-02-01"
"MI","Michigan",729,"2020-03-01"
"MI","Michigan",725,"2020-04-01"
"MI","Michigan",821,"2020-05-01"
"MI","Michigan",1027,"2020-06-01"
"MI","Michigan",310,"2020-07-01"
"MI","Michigan",312,"2020-08-01"
"MI","Michigan",982,"2020-09-01"
"MI","Michigan",1640,"2020-10-01"
"MI","Michigan",2370,"2020-11-01"
"MI","Michigan",2334,"2020-12-01"
"MN","Minnesota",3,"2016-03-01"
"MN","Minnesota",4,"2016-04-01"
"MN","Minnesota",1,"2016-05-01"
"MN","Minnesota",107,"2016-06-01"
"MN","Minnesota",316,"2016-07-01"
"MN","Minnesota",463,"2016-08-01"
"MN","Minnesota",345,"2016-09-01"
"MN","Minnesota",413,"2016-10-01"
"MN","Minnesota",415,"2016-11-01"
"MN","Minnesota",500,"2016-12-01"
"MN","Minnesota",491,"2017-01-01"
"MN","Minnesota",224,"2017-02-01"
"MN","Minnesota",248,"2017-03-01"
"MN","Minnesota",295,"2017-04-01"
"MN","Minnesota",307,"2017-05-01"
"MN","Minnesota",335,"2017-06-01"
"MN","Minnesota",433,"2017-07-01"
"MN","Minnesota",948,"2017-08-01"
"MN","Minnesota",872,"2017-09-01"
"MN","Minnesota",844,"2017-10-01"
"MN","Minnesota",790,"2017-11-01"
"MN","Minnesota",1218,"2017-12-01"
"MN","Minnesota",1302,"2018-01-01"
"MN","Minnesota",1032,"2018-02-01"
"MN","Minnesota",851,"2018-03-01"
"MN","Minnesota",940,"2018-04-01"
"MN","Minnesota",722,"2018-05-01"
"MN","Minnesota",788,"2018-06-01"
"MN","Minnesota",763,"2018-07-01"
"MN","Minnesota",898,"2018-08-01"
"MN","Minnesota",845,"2018-09-01"
"MN","Minnesota",905,"2018-10-01"
"MN","Minnesota",1057,"2018-11-01"
"MN","Minnesota",1104,"2018-12-01"
"MN","Minnesota",1364,"2019-01-01"
"MN","Minnesota",1551,"2019-02-01"
"MN","Minnesota",1022,"2019-03-01"
"MN","Minnesota",890,"2019-04-01"
"MN","Minnesota",790,"2019-05-01"
"MN","Minnesota",749,"2019-06-01"
"MN","Minnesota",721,"2019-07-01"
"MN","Minnesota",765,"2019-08-01"
"MN","Minnesota",833,"2019-09-01"
"MN","Minnesota",3679,"2019-10-01"
"MN","Minnesota",2786,"2019-11-01"
"MN","Minnesota",5702,"2019-12-01"
"MN","Minnesota",5708,"2020-01-01"
"MN","Minnesota",3492,"2020-02-01"
"MN","Minnesota",1893,"2020-03-01"
"MN","Minnesota",1828,"2020-04-01"
"MN","Minnesota",1885,"2020-05-01"
"MN","Minnesota",2317,"2020-06-01"
"MN","Minnesota",366,"2020-07-01"
"MN","Minnesota",339,"2020-08-01"
"MN","Minnesota",1627,"2020-09-01"
"MN","Minnesota",4326,"2020-10-01"
"MN","Minnesota",4551,"2020-11-01"
"MN","Minnesota",9749,"2020-12-01"
"MO","Missouri",7,"2016-03-01"
"MO","Missouri",17,"2016-04-01"
"MO","Missouri",21,"2016-05-01"
"MO","Missouri",171,"2016-06-01"
"MO","Missouri",411,"2016-07-01"
"MO","Missouri",542,"2016-08-01"
"MO","Missouri",482,"2016-09-01"
"MO","Missouri",464,"2016-10-01"
"MO","Missouri",540,"2016-11-01"
"MO","Missouri",610,"2016-12-01"
"MO","Missouri",541,"2017-01-01"
"MO","Missouri",434,"2017-02-01"
"MO","Missouri",536,"2017-03-01"
"MO","Missouri",437,"2017-04-01"
"MO","Missouri",395,"2017-05-01"
"MO","Missouri",408,"2017-06-01"
"MO","Missouri",372,"2017-07-01"
"MO","Missouri",584,"2017-08-01"
"MO","Missouri",473,"2017-09-01"
"MO","Missouri",493,"2017-10-01"
"MO","Missouri",497,"2017-11-01"
"MO","Missouri",555,"2017-12-01"
"MO","Missouri",531,"2018-01-01"
"MO","Missouri",561,"2018-02-01"
"MO","Missouri",569,"2018-03-01"
"MO","Missouri",481,"2018-04-01"
"MO","Missouri",500,"2018-05-01"
"MO","Missouri",394,"2018-06-01"
"MO","Missouri",374,"2018-07-01"
"MO","Missouri",456,"2018-08-01"
"MO","Missouri",419,"2018-09-01"
"MO","Missouri",556,"2018-10-01"
"MO","Missouri",644,"2018-11-01"
"MO","Missouri",433,"2018-12-01"
"MO","Missouri",514,"2019-01-01"
"MO","Missouri",640,"2019-02-01"
"MO","Missouri",460,"2019-03-01"
"MO","Missouri",607,"2019-04-01"
"MO","Missouri",531,"2019-05-01"
"MO","Missouri",449,"2019-06-01"
"MO","Missouri",391,"2019-07-01"
"MO","Missouri",363,"2019-08-01"
"MO","Missouri",320,"2019-09-01"
"MO","Missouri",432,"2019-10-01"
"MO","Missouri",330,"2019-11-01"
"MO","Missouri",388,"2019-12-01"
"MO","Missouri",323,"2020-01-01"
"MO","Missouri",299,"2020-02-01"
"MO","Missouri",457,"2020-03-01"
"MO","Missouri",580,"2020-04-01"
"MO","Missouri",746,"2020-05-01"
"MO","Missouri",821,"2020-06-01"
"MO","Missouri",259,"2020-07-01"
"MO","Missouri",194,"2020-08-01"
"MO","Missouri",556,"2020-09-01"
"MO","Missouri",1205,"2020-10-01"
"MO","Missouri",1475,"2020-11-01"
"MO","Missouri",1426,"2020-12-01"
"MS","Mississippi",26,"2016-06-01"
"MS","Mississippi",55,"2016-07-01"
"MS","Mississippi",88,"2016-08-01"
"MS","Mississippi",60,"2016-09-01"
"MS","Mississippi",55,"2016-10-01"
"MS","Mississippi",59,"2016-11-01"
"MS","Mississippi",59,"2016-12-01"
"MS","Mississippi",78,"2017-01-01"
"MS","Mississippi",65,"2017-02-01"
"MS","Mississippi",91,"2017-03-01"
"MS","Mississippi",78,"2017-04-01"
"MS","Mississippi",17,"2017-05-01"
"MS","Mississippi",4,"2017-07-01"
"MS","Mississippi",82,"2017-08-01"
"MS","Mississippi",75,"2017-09-01"
"MS","Mississippi",42,"2017-10-01"
"MS","Mississippi",63,"2017-11-01"
"MS","Mississippi",78,"2017-12-01"
"MS","Mississippi",107,"2018-01-01"
"MS","Mississippi",149,"2018-02-01"
"MS","Mississippi",108,"2018-03-01"
"MS","Mississippi",117,"2018-04-01"
"MS","Mississippi",139,"2018-05-01"
"MS","Mississippi",88,"2018-06-01"
"MS","Mississippi",87,"2018-07-01"
"MS","Mississippi",96,"2018-08-01"
"MS","Mississippi",153,"2018-09-01"
"MS","Mississippi",130,"2018-10-01"
"MS","Mississippi",156,"2018-11-01"
"MS","Mississippi",145,"2018-12-01"
"MS","Mississippi",135,"2019-01-01"
"MS","Mississippi",134,"2019-02-01"
"MS","Mississippi",98,"2019-03-01"
"MS","Mississippi",105,"2019-04-01"
"MS","Mississippi",95,"2019-05-01"
"MS","Mississippi",84,"2019-06-01"
"MS","Mississippi",89,"2019-07-01"
"MS","Mississippi",93,"2019-08-01"
"MS","Mississippi",72,"2019-09-01"
"MS","Mississippi",120,"2019-10-01"
"MS","Mississippi",106,"2019-11-01"
"MS","Mississippi",107,"2019-12-01"
"MS","Mississippi",119,"2020-01-01"
"MS","Mississippi",89,"2020-02-01"
"MS","Mississippi",58,"2020-03-01"
"MS","Mississippi",41,"2020-04-01"
"MS","Mississippi",57,"2020-05-01"
"MS","Mississippi",52,"2020-06-01"
"MS","Mississippi",50,"2020-07-01"
"MS","Mississippi",56,"2020-08-01"
"MS","Mississippi",139,"2020-09-01"
"MS","Mississippi",265,"2020-10-01"
"MS","Mississippi",329,"2020-11-01"
"MS","Mississippi",376,"2020-12-01"
"MT","Montana",2,"2016-06-01"
"MT","Montana",17,"2016-07-01"
"MT","Montana",7,"2016-08-01"
"MT","Montana",4,"2016-09-01"
"MT","Montana",6,"2016-10-01"
"MT","Montana",10,"2016-11-01"
"MT","Montana",16,"2016-12-01"
"MT","Montana",28,"2017-01-01"
"MT","Montana",18,"2017-02-01"
"MT","Montana",8,"2017-03-01"
"MT","Montana",3,"2017-04-01"
"MT","Montana",7,"2017-05-01"
"MT","Montana",3,"2017-06-01"
"MT","Montana",15,"2017-07-01"
"MT","Montana",4,"2017-08-01"
"MT","Montana",6,"2017-09-01"
"MT","Montana",9,"2017-10-01"
"MT","Montana",15,"2017-11-01"
"MT","Montana",17,"2017-12-01"
"MT","Montana",25,"2018-01-01"
"MT","Montana",39,"2018-02-01"
"MT","Montana",4,"2018-03-01"
"MT","Montana",13,"2018-04-01"
"MT","Montana",5,"2018-05-01"
"MT","Montana",4,"2018-06-01"
"MT","Montana",1,"2018-07-01"
"MT","Montana",3,"2018-08-01"
"MT","Montana",4,"2018-09-01"
"MT","Montana",12,"2018-10-01"
"MT","Montana",6,"2018-11-01"
"MT","Montana",14,"2018-12-01"
"MT","Montana",27,"2019-01-01"
"MT","Montana",43,"2019-02-01"
"MT","Montana",17,"2019-03-01"
"MT","Montana",11,"2019-04-01"
"MT","Montana",5,"2019-05-01"
"MT","Montana",6,"2019-06-01"
"MT","Montana",9,"2019-07-01"
"MT","Montana",5,"2019-08-01"
"MT","Montana",7,"2019-09-01"
"MT","Montana",15,"2019-10-01"
"MT","Montana",9,"2019-11-01"
"MT","Montana",2,"2019-12-01"
"MT","Montana",5,"2020-01-01"
"MT","Montana",2,"2020-02-01"
"MT","Montana",3,"2020-06-01"
"MT","Montana",126,"2020-09-01"
"MT","Montana",766,"2020-10-01"
"MT","Montana",918,"2020-11-01"
"MT","Montana",1032,"2020-12-01"
"NC","North Carolina",358,"2016-06-01"
"NC","North Carolina",1041,"2016-07-01"
"NC","North Carolina",1059,"2016-08-01"
"NC","North Carolina",693,"2016-09-01"
"NC","North Carolina",1098,"2016-10-01"
"NC","North Carolina",928,"2016-11-01"
"NC","North Carolina",970,"2016-12-01"
"NC","North Carolina",949,"2017-01-01"
"NC","North Carolina",1008,"2017-02-01"
"NC","North Carolina",1406,"2017-03-01"
"NC","North Carolina",904,"2017-04-01"
"NC","North Carolina",808,"2017-05-01"
"NC","North Carolina",858,"2017-06-01"
"NC","North Carolina",1002,"2017-07-01"
"NC","North Carolina",3412,"2017-08-01"
"NC","North Carolina",3208,"2017-09-01"
"NC","North Carolina",2667,"2017-10-01"
"NC","North Carolina",3053,"2017-11-01"
"NC","North Carolina",2626,"2017-12-01"
"NC","North Carolina",2926,"2018-01-01"
"NC","North Carolina",2843,"2018-02-01"
"NC","North Carolina",2328,"2018-03-01"
"NC","North Carolina",2766,"2018-04-01"
"NC","North Carolina",3150,"2018-05-01"
"NC","North Carolina",2289,"2018-06-01"
"NC","North Carolina",2058,"2018-07-01"
"NC","North Carolina",2439,"2018-08-01"
"NC","North Carolina",2120,"2018-09-01"
"NC","North Carolina",2819,"2018-10-01"
"NC","North Carolina",2520,"2018-11-01"
"NC","North Carolina",2305,"2018-12-01"
"NC","North Carolina",2298,"2019-01-01"
"NC","North Carolina",2109,"2019-02-01"
"NC","North Carolina",2247,"2019-03-01"
"NC","North Carolina",2615,"2019-04-01"
"NC","North Carolina",2054,"2019-05-01"
"NC","North Carolina",1538,"2019-06-01"
"NC","North Carolina",1863,"2019-07-01"
"NC","North Carolina",2258,"2019-08-01"
"NC","North Carolina",1476,"2019-09-01"
"NC","North Carolina",2472,"2019-10-01"
"NC","North Carolina",1944,"2019-11-01"
"NC","North Carolina",1608,"2019-12-01"
"NC","North Carolina",1442,"2020-01-01"
"NC","North Carolina",1572,"2020-02-01"
"NC","North Carolina",3193,"2020-03-01"
"NC","North Carolina",3979,"2020-04-01"
"NC","North Carolina",3391,"2020-05-01"
"NC","North Carolina",4283,"2020-06-01"
"NC","North Carolina",812,"2020-07-01"
"NC","North Carolina",958,"2020-08-01"
"NC","North Carolina",2532,"2020-09-01"
"NC","North Carolina",4153,"2020-10-01"
"NC","North Carolina",6227,"2020-11-01"
"NC","North Carolina",7162,"2020-12-01"
"ND","North Dakota",2,"2016-09-01"
"ND","North Dakota",1,"2016-12-01"
"ND","North Dakota",1,"2017-12-01"
"ND","North Dakota",1,"2018-02-01"
"ND","North Dakota",13,"2018-05-01"
"ND","North Dakota",2,"2018-07-01"
"ND","North Dakota",1,"2018-08-01"
"ND","North Dakota",1,"2018-11-01"
"ND","North Dakota",7,"2019-02-01"
"ND","North Dakota",3,"2019-03-01"
"ND","North Dakota",2,"2019-05-01"
"ND","North Dakota",2,"2019-07-01"
"ND","North Dakota",1,"2019-10-01"
"ND","North Dakota",1,"2020-05-01"
"ND","North Dakota",4,"2020-09-01"
"ND","North Dakota",55,"2020-10-01"
"ND","North Dakota",169,"2020-11-01"
"ND","North Dakota",197,"2020-12-01"
"NE","Nebraska",86,"2016-03-01"
"NE","Nebraska",311,"2016-04-01"
"NE","Nebraska",288,"2016-05-01"
"NE","Nebraska",372,"2016-06-01"
"NE","Nebraska",281,"2016-07-01"
"NE","Nebraska",377,"2016-08-01"
"NE","Nebraska",371,"2016-09-01"
"NE","Nebraska",362,"2016-10-01"
"NE","Nebraska",330,"2016-11-01"
"NE","Nebraska",303,"2016-12-01"
"NE","Nebraska",292,"2017-01-01"
"NE","Nebraska",269,"2017-02-01"
"NE","Nebraska",280,"2017-03-01"
"NE","Nebraska",283,"2017-04-01"
"NE","Nebraska",237,"2017-05-01"
"NE","Nebraska",291,"2017-06-01"
"NE","Nebraska",206,"2017-07-01"
"NE","Nebraska",283,"2017-08-01"
"NE","Nebraska",250,"2017-09-01"
"NE","Nebraska",299,"2017-10-01"
"NE","Nebraska",288,"2017-11-01"
"NE","Nebraska",295,"2017-12-01"
"NE","Nebraska",345,"2018-01-01"
"NE","Nebraska",287,"2018-02-01"
"NE","Nebraska",228,"2018-03-01"
"NE","Nebraska",255,"2018-04-01"
"NE","Nebraska",227,"2018-05-01"
"NE","Nebraska",163,"2018-06-01"
"NE","Nebraska",176,"2018-07-01"
"NE","Nebraska",251,"2018-08-01"
"NE","Nebraska",275,"2018-09-01"
"NE","Nebraska",325,"2018-10-01"
"NE","Nebraska",256,"2018-11-01"
"NE","Nebraska",246,"2018-12-01"
"NE","Nebraska",253,"2019-01-01"
"NE","Nebraska",288,"2019-02-01"
"NE","Nebraska",222,"2019-03-01"
"NE","Nebraska",191,"2019-04-01"
"NE","Nebraska",227,"2019-05-01"
"NE","Nebraska",206,"2019-06-01"
"NE","Nebraska",208,"2019-07-01"
"NE","Nebraska",144,"2019-08-01"
"NE","Nebraska",126,"2019-09-01"
"NE","Nebraska",257,"2019-10-01"
"NE","Nebraska",209,"2019-11-01"
"NE","Nebraska",237,"2019-12-01"
"NE","Nebraska",216,"2020-01-01"
"NE","Nebraska",171,"2020-02-01"
"NE","Nebraska",132,"2020-03-01"
"NE","Nebraska",160,"2020-04-01"
"NE","Nebraska",181,"2020-05-01"
"NE","Nebraska",194,"2020-06-01"
"NE","Nebraska",65,"2020-07-01"
"NE","Nebraska",67,"2020-08-01"
"NE","Nebraska",99,"2020-09-01"
"NE","Nebraska",141,"2020-10-01"
"NE","Nebraska",83,"2020-11-01"
"NE","Nebraska",213,"2020-12-01"
"NH","New Hampshire",1,"2016-03-01"
"NH","New Hampshire",21,"2016-04-01"
"NH","New Hampshire",8,"2016-05-01"
"NH","New Hampshire",18,"2016-06-01"
"NH","New Hampshire",30,"2016-07-01"
"NH","New Hampshire",34,"2016-08-01"
"NH","New Hampshire",16,"2016-09-01"
"NH","New Hampshire",26,"2016-10-01"
"NH","New Hampshire",27,"2016-11-01"
"NH","New Hampshire",100,"2016-12-01"
"NH","New Hampshire",94,"2017-01-01"
"NH","New Hampshire",159,"2017-02-01"
"NH","New Hampshire",93,"2017-03-01"
"NH","New Hampshire",82,"2017-04-01"
"NH","New Hampshire",85,"2017-05-01"
"NH","New Hampshire",99,"2017-06-01"
"NH","New Hampshire",97,"2017-07-01"
"NH","New Hampshire",213,"2017-08-01"
"NH","New Hampshire",160,"2017-09-01"
"NH","New Hampshire",158,"2017-10-01"
"NH","New Hampshire",163,"2017-11-01"
"NH","New Hampshire",204,"2017-12-01"
"NH","New Hampshire",178,"2018-01-01"
"NH","New Hampshire",195,"2018-02-01"
"NH","New Hampshire",141,"2018-03-01"
"NH","New Hampshire",98,"2018-04-01"
"NH","New Hampshire",122,"2018-05-01"
"NH","New Hampshire",162,"2018-06-01"
"NH","New Hampshire",120,"2018-07-01"
"NH","New Hampshire",131,"2018-08-01"
"NH","New Hampshire",136,"2018-09-01"
"NH","New Hampshire",146,"2018-10-01"
"NH","New Hampshire",211,"2018-11-01"
"NH","New Hampshire",135,"2018-12-01"
"NH","New Hampshire",223,"2019-01-01"
"NH","New Hampshire",181,"2019-02-01"
"NH","New Hampshire",139,"2019-03-01"
"NH","New Hampshire",133,"2019-04-01"
"NH","New Hampshire",93,"2019-05-01"
"NH","New Hampshire",120,"2019-06-01"
"NH","New Hampshire",133,"2019-07-01"
"NH","New Hampshire",100,"2019-08-01"
"NH","New Hampshire",79,"2019-09-01"
"NH","New Hampshire",123,"2019-10-01"
"NH","New Hampshire",91,"2019-11-01"
"NH","New Hampshire",201,"2019-12-01"
"NH","New Hampshire",133,"2020-01-01"
"NH","New Hampshire",142,"2020-02-01"
"NH","New Hampshire",110,"2020-03-01"
"NH","New Hampshire",82,"2020-04-01"
"NH","New Hampshire",72,"2020-05-01"
"NH","New Hampshire",124,"2020-06-01"
"NH","New Hampshire",45,"2020-07-01"
"NH","New Hampshire",52,"2020-08-01"
"NH","New Hampshire",37,"2020-09-01"
"NH","New Hampshire",71,"2020-10-01"
"NH","New Hampshire",46,"2020-11-01"
"NH","New Hampshire",57,"2020-12-01"
"NJ","New Jersey",166,"2016-03-01"
"NJ","New Jersey",521,"2016-04-01"
"NJ","New Jersey",513,"2016-05-01"
"NJ","New Jersey",554,"2016-06-01"
"NJ","New Jersey",587,"2016-07-01"
"NJ","New Jersey",665,"2016-08-01"
"NJ","New Jersey",674,"2016-09-01"
"NJ","New Jersey",745,"2016-10-01"
"NJ","New Jersey",877,"2016-11-01"
"NJ","New Jersey",776,"2016-12-01"
"NJ","New Jersey",753,"2017-01-01"
"NJ","New Jersey",795,"2017-02-01"
"NJ","New Jersey",936,"2017-03-01"
"NJ","New Jersey",681,"2017-04-01"
"NJ","New Jersey",738,"2017-05-01"
"NJ","New Jersey",782,"2017-06-01"
"NJ","New Jersey",656,"2017-07-01"
"NJ","New Jersey",836,"2017-08-01"
"NJ","New Jersey",745,"2017-09-01"
"NJ","New Jersey",936,"2017-10-01"
"NJ","New Jersey",845,"2017-11-01"
"NJ","New Jersey",727,"2017-12-01"
"NJ","New Jersey",866,"2018-01-01"
"NJ","New Jersey",773,"2018-02-01"
"NJ","New Jersey",950,"2018-03-01"
"NJ","New Jersey",823,"2018-04-01"
"NJ","New Jersey",754,"2018-05-01"
"NJ","New Jersey",858,"2018-06-01"
"NJ","New Jersey",704,"2018-07-01"
"NJ","New Jersey",497,"2018-08-01"
"NJ","New Jersey",843,"2018-09-01"
"NJ","New Jersey",887,"2018-10-01"
"NJ","New Jersey",981,"2018-11-01"
"NJ","New Jersey",784,"2018-12-01"
"NJ","New Jersey",711,"2019-01-01"
"NJ","New Jersey",806,"2019-02-01"
"NJ","New Jersey",773,"2019-03-01"
"NJ","New Jersey",682,"2019-04-01"
"NJ","New Jersey",854,"2019-05-01"
"NJ","New Jersey",812,"2019-06-01"
"NJ","New Jersey",771,"2019-07-01"
"NJ","New Jersey",707,"2019-08-01"
"NJ","New Jersey",621,"2019-09-01"
"NJ","New Jersey",691,"2019-10-01"
"NJ","New Jersey",420,"2019-11-01"
"NJ","New Jersey",587,"2019-12-01"
"NJ","New Jersey",831,"2020-01-01"
"NJ","New Jersey",2305,"2020-02-01"
"NJ","New Jersey",973,"2020-03-01"
"NJ","New Jersey",1232,"2020-04-01"
"NJ","New Jersey",1125,"2020-05-01"
"NJ","New Jersey",1402,"2020-06-01"
"NJ","New Jersey",177,"2020-07-01"
"NJ","New Jersey",236,"2020-08-01"
"NJ","New Jersey",1360,"2020-09-01"
"NJ","New Jersey",2231,"2020-10-01"
"NJ","New Jersey",2370,"2020-11-01"
"NJ","New Jersey",2309,"2020-12-01"
"NM","New Mexico",6,"2016-06-01"
"NM","New Mexico",24,"2016-07-01"
"NM","New Mexico",20,"2016-08-01"
"NM","New Mexico",20,"2016-09-01"
"NM","New Mexico",22,"2016-10-01"
"NM","New Mexico",34,"2016-11-01"
"NM","New Mexico",27,"2016-12-01"
"NM","New Mexico",16,"2017-01-01"
"NM","New Mexico",16,"2017-02-01"
"NM","New Mexico",20,"2017-03-01"
"NM","New Mexico",29,"2017-04-01"
"NM","New Mexico",40,"2017-05-01"
"NM","New Mexico",50,"2017-06-01"
"NM","New Mexico",42,"2017-07-01"
"NM","New Mexico",111,"2017-08-01"
"NM","New Mexico",97,"2017-09-01"
"NM","New Mexico",107,"2017-10-01"
"NM","New Mexico",85,"2017-11-01"
"NM","New Mexico",111,"2017-12-01"
"NM","New Mexico",90,"2018-01-01"
"NM","New Mexico",115,"2018-02-01"
"NM","New Mexico",105,"2018-03-01"
"NM","New Mexico",75,"2018-04-01"
"NM","New Mexico",115,"2018-05-01"
"NM","New Mexico",95,"2018-06-01"
"NM","New Mexico",60,"2018-07-01"
"NM","New Mexico",105,"2018-08-01"
"NM","New Mexico",101,"2018-09-01"
"NM","New Mexico",103,"2018-10-01"
"NM","New Mexico",113,"2018-11-01"
"NM","New Mexico",91,"2018-12-01"
"NM","New Mexico",103,"2019-01-01"
"NM","New Mexico",95,"2019-02-01"
"NM","New Mexico",85,"2019-03-01"
"NM","New Mexico",86,"2019-04-01"
"NM","New Mexico",65,"2019-05-01"
"NM","New Mexico",99,"2019-06-01"
"NM","New Mexico",62,"2019-07-01"
"NM","New Mexico",61,"2019-08-01"
"NM","New Mexico",52,"2019-09-01"
"NM","New Mexico",68,"2019-10-01"
"NM","New Mexico",78,"2019-11-01"
"NM","New Mexico",72,"2019-12-01"
"NM","New Mexico",52,"2020-01-01"
"NM","New Mexico",61,"2020-02-01"
"NM","New Mexico",38,"2020-03-01"
"NM","New Mexico",30,"2020-04-01"
"NM","New Mexico",40,"2020-05-01"
"NM","New Mexico",106,"2020-06-01"
"NM","New Mexico",39,"2020-07-01"
"NM","New Mexico",44,"2020-08-01"
"NM","New Mexico",53,"2020-09-01"
"NM","New Mexico",217,"2020-10-01"
"NM","New Mexico",131,"2020-11-01"
"NM","New Mexico",191,"2020-12-01"
"NV","Nevada",3,"2016-04-01"
"NV","Nevada",65,"2016-06-01"
"NV","Nevada",237,"2016-07-01"
"NV","Nevada",285,"2016-08-01"
"NV","Nevada",165,"2016-09-01"
"NV","Nevada",192,"2016-10-01"
"NV","Nevada",250,"2016-11-01"
"NV","Nevada",160,"2016-12-01"
"NV","Nevada",193,"2017-01-01"
"NV","Nevada",143,"2017-02-01"
"NV","Nevada",113,"2017-03-01"
"NV","Nevada",86,"2017-04-01"
"NV","Nevada",171,"2017-05-01"
"NV","Nevada",193,"2017-06-01"
"NV","Nevada",147,"2017-07-01"
"NV","Nevada",155,"2017-08-01"
"NV","Nevada",144,"2017-09-01"
"NV","Nevada",152,"2017-10-01"
"NV","Nevada",192,"2017-11-01"
"NV","Nevada",139,"2017-12-01"
"NV","Nevada",84,"2018-01-01"
"NV","Nevada",139,"2018-02-01"
"NV","Nevada",98,"2018-03-01"
"NV","Nevada",109,"2018-04-01"
"NV","Nevada",118,"2018-05-01"
"NV","Nevada",112,"2018-06-01"
"NV","Nevada",121,"2018-07-01"
"NV","Nevada",138,"2018-08-01"
"NV","Nevada",116,"2018-09-01"
"NV","Nevada",121,"2018-10-01"
"NV","Nevada",151,"2018-11-01"
"NV","Nevada",149,"2018-12-01"
"NV","Nevada",163,"2019-01-01"
"NV","Nevada",189,"2019-02-01"
"NV","Nevada",122,"2019-03-01"
"NV","Nevada",98,"2019-04-01"
"NV","Nevada",136,"2019-05-01"
"NV","Nevada",133,"2019-06-01"
"NV","Nevada",148,"2019-07-01"
"NV","Nevada",151,"2019-08-01"
"NV","Nevada",131,"2019-09-01"
"NV","Nevada",135,"2019-10-01"
"NV","Nevada",106,"2019-11-01"
"NV","Nevada",141,"2019-12-01"
"NV","Nevada",86,"2020-01-01"
"NV","Nevada",83,"2020-02-01"
"NV","Nevada",127,"2020-03-01"
"NV","Nevada",55,"2020-04-01"
"NV","Nevada",119,"2020-05-01"
"NV","Nevada",125,"2020-06-01"
"NV","Nevada",78,"2020-07-01"
"NV","Nevada",90,"2020-08-01"
"NV","Nevada",166,"2020-09-01"
"NV","Nevada",204,"2020-10-01"
"NV","Nevada",166,"2020-11-01"
"NV","Nevada",219,"2020-12-01"
"NY","New York",271,"2016-03-01"
"NY","New York",737,"2016-04-01"
"NY","New York",801,"2016-05-01"
"NY","New York",1154,"2016-06-01"
"NY","New York",1588,"2016-07-01"
"NY","New York",1872,"2016-08-01"
"NY","New York",1682,"2016-09-01"
"NY","New York",1701,"2016-10-01"
"NY","New York",2022,"2016-11-01"
"NY","New York",1914,"2016-12-01"
"NY","New York",1818,"2017-01-01"
"NY","New York",1807,"2017-02-01"
"NY","New York",1994,"2017-03-01"
"NY","New York",1440,"2017-04-01"
"NY","New York",1411,"2017-05-01"
"NY","New York",1739,"2017-06-01"
"NY","New York",1502,"2017-07-01"
"NY","New York",2401,"2017-08-01"
"NY","New York",2193,"2017-09-01"
"NY","New York",2107,"2017-10-01"
"NY","New York",2028,"2017-11-01"
"NY","New York",2234,"2017-12-01"
"NY","New York",2107,"2018-01-01"
"NY","New York",1572,"2018-02-01"
"NY","New York",1822,"2018-03-01"
"NY","New York",1745,"2018-04-01"
"NY","New York",1688,"2018-05-01"
"NY","New York",1939,"2018-06-01"
"NY","New York",1692,"2018-07-01"
"NY","New York",1425,"2018-08-01"
"NY","New York",1929,"2018-09-01"
"NY","New York",2338,"2018-10-01"
"NY","New York",2466,"2018-11-01"
"NY","New York",1820,"2018-12-01"
"NY","New York",2077,"2019-01-01"
"NY","New York",2339,"2019-02-01"
"NY","New York",2019,"2019-03-01"
"NY","New York",2316,"2019-04-01"
"NY","New York",2534,"2019-05-01"
"NY","New York",2298,"2019-06-01"
"NY","New York",2188,"2019-07-01"
"NY","New York",1941,"2019-08-01"
"NY","New York",1810,"2019-09-01"
"NY","New York",2045,"2019-10-01"
"NY","New York",1741,"2019-11-01"
"NY","New York",1743,"2019-12-01"
"NY","New York",1741,"2020-01-01"
"NY","New York",1956,"2020-02-01"
"NY","New York",2270,"2020-03-01"
"NY","New York",4074,"2020-04-01"
"NY","New York",3975,"2020-05-01"
"NY","New York",4240,"2020-06-01"
"NY","New York",626,"2020-07-01"
"NY","New York",828,"2020-08-01"
"NY","New York",3391,"2020-09-01"
"NY","New York",5353,"2020-10-01"
"NY","New York",6527,"2020-11-01"
"NY","New York",7185,"2020-12-01"
"OH","Ohio",552,"2016-02-01"
"OH","Ohio",689,"2016-03-01"
"OH","Ohio",763,"2016-04-01"
"OH","Ohio",570,"2016-05-01"
"OH","Ohio",599,"2016-06-01"
"OH","Ohio",604,"2016-07-01"
"OH","Ohio",780,"2016-08-01"
"OH","Ohio",723,"2016-09-01"
"OH","Ohio",614,"2016-10-01"
"OH","Ohio",818,"2016-11-01"
"OH","Ohio",909,"2016-12-01"
"OH","Ohio",955,"2017-01-01"
"OH","Ohio",813,"2017-02-01"
"OH","Ohio",795,"2017-03-01"
"OH","Ohio",565,"2017-04-01"
"OH","Ohio",602,"2017-05-01"
"OH","Ohio",646,"2017-06-01"
"OH","Ohio",496,"2017-07-01"
"OH","Ohio",852,"2017-08-01"
"OH","Ohio",938,"2017-09-01"
"OH","Ohio",1005,"2017-10-01"
"OH","Ohio",707,"2017-11-01"
"OH","Ohio",875,"2017-12-01"
"OH","Ohio",959,"2018-01-01"
"OH","Ohio",827,"2018-02-01"
"OH","Ohio",764,"2018-03-01"
"OH","Ohio",686,"2018-04-01"
"OH","Ohio",780,"2018-05-01"
"OH","Ohio",926,"2018-06-01"
"OH","Ohio",784,"2018-07-01"
"OH","Ohio",588,"2018-08-01"
"OH","Ohio",1080,"2018-09-01"
"OH","Ohio",1636,"2018-10-01"
"OH","Ohio",1382,"2018-11-01"
"OH","Ohio",1110,"2018-12-01"
"OH","Ohio",955,"2019-01-01"
"OH","Ohio",542,"2019-02-01"
"OH","Ohio",508,"2019-03-01"
"OH","Ohio",583,"2019-04-01"
"OH","Ohio",547,"2019-05-01"
"OH","Ohio",387,"2019-06-01"
"OH","Ohio",477,"2019-07-01"
"OH","Ohio",560,"2019-08-01"
"OH","Ohio",517,"2019-09-01"
"OH","Ohio",705,"2019-10-01"
"OH","Ohio",694,"2019-11-01"
"OH","Ohio",636,"2019-12-01"
"OH","Ohio",547,"2020-01-01"
"OH","Ohio",519,"2020-02-01"
"OH","Ohio",1084,"2020-03-01"
"OH","Ohio",1911,"2020-04-01"
"OH","Ohio",1827,"2020-05-01"
"OH","Ohio",2180,"2020-06-01"
"OH","Ohio",350,"2020-07-01"
"OH","Ohio",347,"2020-08-01"
"OH","Ohio",552,"2020-09-01"
"OH","Ohio",847,"2020-10-01"
"OH","Ohio",936,"2020-11-01"
"OH","Ohio",1233,"2020-12-01"
"OK","Oklahoma",14,"2016-06-01"
"OK","Oklahoma",41,"2016-07-01"
"OK","Oklahoma",103,"2016-08-01"
"OK","Oklahoma",105,"2016-09-01"
"OK","Oklahoma",90,"2016-10-01"
"OK","Oklahoma",94,"2016-11-01"
"OK","Oklahoma",123,"2016-12-01"
"OK","Oklahoma",71,"2017-01-01"
"OK","Oklahoma",87,"2017-02-01"
"OK","Oklahoma",68,"2017-03-01"
"OK","Oklahoma",98,"2017-04-01"
"OK","Oklahoma",84,"2017-05-01"
"OK","Oklahoma",79,"2017-06-01"
"OK","Oklahoma",154,"2017-07-01"
"OK","Oklahoma",881,"2017-08-01"
"OK","Oklahoma",995,"2017-09-01"
"OK","Oklahoma",908,"2017-10-01"
"OK","Oklahoma",864,"2017-11-01"
"OK","Oklahoma",1034,"2017-12-01"
"OK","Oklahoma",919,"2018-01-01"
"OK","Oklahoma",850,"2018-02-01"
"OK","Oklahoma",839,"2018-03-01"
"OK","Oklahoma",856,"2018-04-01"
"OK","Oklahoma",1022,"2018-05-01"
"OK","Oklahoma",735,"2018-06-01"
"OK","Oklahoma",855,"2018-07-01"
"OK","Oklahoma",947,"2018-08-01"
"OK","Oklahoma",726,"2018-09-01"
"OK","Oklahoma",890,"2018-10-01"
"OK","Oklahoma",946,"2018-11-01"
"OK","Oklahoma",795,"2018-12-01"
"OK","Oklahoma",996,"2019-01-01"
"OK","Oklahoma",811,"2019-02-01"
"OK","Oklahoma",881,"2019-03-01"
"OK","Oklahoma",1132,"2019-04-01"
"OK","Oklahoma",1028,"2019-05-01"
"OK","Oklahoma",855,"2019-06-01"
"OK","Oklahoma",871,"2019-07-01"
"OK","Oklahoma",969,"2019-08-01"
"OK","Oklahoma",693,"2019-09-01"
"OK","Oklahoma",709,"2019-10-01"
"OK","Oklahoma",680,"2019-11-01"
"OK","Oklahoma",576,"2019-12-01"
"OK","Oklahoma",522,"2020-01-01"
"OK","Oklahoma",503,"2020-02-01"
"OK","Oklahoma",819,"2020-03-01"
"OK","Oklahoma",1157,"2020-04-01"
"OK","Oklahoma",1585,"2020-05-01"
"OK","Oklahoma",1595,"2020-06-01"
"OK","Oklahoma",419,"2020-07-01"
"OK","Oklahoma",443,"2020-08-01"
"OK","Oklahoma",471,"2020-09-01"
"OK","Oklahoma",338,"2020-10-01"
"OK","Oklahoma",408,"2020-11-01"
"OK","Oklahoma",371,"2020-12-01"
"OR","Oregon",43,"2016-06-01"
"OR","Oregon",109,"2016-07-01"
"OR","Oregon",123,"2016-08-01"
"OR","Oregon",147,"2016-09-01"
"OR","Oregon",191,"2016-10-01"
"OR","Oregon",194,"2016-11-01"
"OR","Oregon",198,"2016-12-01"
"OR","Oregon",120,"2017-01-01"
"OR","Oregon",128,"2017-02-01"
"OR","Oregon",145,"2017-03-01"
"OR","Oregon",123,"2017-04-01"
"OR","Oregon",146,"2017-05-01"
"OR","Oregon",108,"2017-06-01"
"OR","Oregon",204,"2017-07-01"
"OR","Oregon",471,"2017-08-01"
"OR","Oregon",452,"2017-09-01"
"OR","Oregon",755,"2017-10-01"
"OR","Oregon",647,"2017-11-01"
"OR","Oregon",524,"2017-12-01"
"OR","Oregon",435,"2018-01-01"
"OR","Oregon",461,"2018-02-01"
"OR","Oregon",481,"2018-03-01"
"OR","Oregon",353,"2018-04-01"
"OR","Oregon",367,"2018-05-01"
"OR","Oregon",420,"2018-06-01"
"OR","Oregon",342,"2018-07-01"
"OR","Oregon",3004,"2018-08-01"
"OR","Oregon",3147,"2018-09-01"
"OR","Oregon",2612,"2018-10-01"
"OR","Oregon",3598,"2018-11-01"
"OR","Oregon",4005,"2018-12-01"
"OR","Oregon",3465,"2019-01-01"
"OR","Oregon",5742,"2019-02-01"
"OR","Oregon",3117,"2019-03-01"
"OR","Oregon",2379,"2019-04-01"
"OR","Oregon",1873,"2019-05-01"
"OR","Oregon",2083,"2019-06-01"
"OR","Oregon",3192,"2019-07-01"
"OR","Oregon",3621,"2019-08-01"
"OR","Oregon",3273,"2019-09-01"
"OR","Oregon",3295,"2019-10-01"
"OR","Oregon",2889,"2019-11-01"
"OR","Oregon",3371,"2019-12-01"
"OR","Oregon",4053,"2020-01-01"
"OR","Oregon",2896,"2020-02-01"
"OR","Oregon",2702,"2020-03-01"
"OR","Oregon",2368,"2020-04-01"
"OR","Oregon",3164,"2020-05-01"
"OR","Oregon",3320,"2020-06-01"
"OR","Oregon",128,"2020-07-01"
"OR","Oregon",158,"2020-08-01"
"OR","Oregon",2146,"2020-09-01"
"OR","Oregon",2891,"2020-10-01"
"OR","Oregon",5562,"2020-11-01"
"OR","Oregon",6611,"2020-12-01"
"PA","Pennsylvania",42,"2016-02-01"
"PA","Pennsylvania",103,"2016-03-01"
"PA","Pennsylvania",282,"2016-04-01"
"PA","Pennsylvania",195,"2016-05-01"
"PA","Pennsylvania",698,"2016-06-01"
"PA","Pennsylvania",1441,"2016-07-01"
"PA","Pennsylvania",1808,"2016-08-01"
"PA","Pennsylvania",1782,"2016-09-01"
"PA","Pennsylvania",1892,"2016-10-01"
"PA","Pennsylvania",2316,"2016-11-01"
"PA","Pennsylvania",1924,"2016-12-01"
"PA","Pennsylvania",1718,"2017-01-01"
"PA","Pennsylvania",1802,"2017-02-01"
"PA","Pennsylvania",1877,"2017-03-01"
"PA","Pennsylvania",1453,"2017-04-01"
"PA","Pennsylvania",1259,"2017-05-01"
"PA","Pennsylvania",1409,"2017-06-01"
"PA","Pennsylvania",759,"2017-07-01"
"PA","Pennsylvania",1107,"2017-08-01"
"PA","Pennsylvania",1288,"2017-09-01"
"PA","Pennsylvania",1073,"2017-10-01"
"PA","Pennsylvania",729,"2017-11-01"
"PA","Pennsylvania",937,"2017-12-01"
"PA","Pennsylvania",1063,"2018-01-01"
"PA","Pennsylvania",873,"2018-02-01"
"PA","Pennsylvania",1083,"2018-03-01"
"PA","Pennsylvania",1026,"2018-04-01"
"PA","Pennsylvania",1102,"2018-05-01"
"PA","Pennsylvania",920,"2018-06-01"
"PA","Pennsylvania",950,"2018-07-01"
"PA","Pennsylvania",885,"2018-08-01"
"PA","Pennsylvania",1082,"2018-09-01"
"PA","Pennsylvania",1248,"2018-10-01"
"PA","Pennsylvania",1115,"2018-11-01"
"PA","Pennsylvania",843,"2018-12-01"
"PA","Pennsylvania",1063,"2019-01-01"
"PA","Pennsylvania",1012,"2019-02-01"
"PA","Pennsylvania",1023,"2019-03-01"
"PA","Pennsylvania",847,"2019-04-01"
"PA","Pennsylvania",851,"2019-05-01"
"PA","Pennsylvania",861,"2019-06-01"
"PA","Pennsylvania",838,"2019-07-01"
"PA","Pennsylvania",674,"2019-08-01"
"PA","Pennsylvania",731,"2019-09-01"
"PA","Pennsylvania",1053,"2019-10-01"
"PA","Pennsylvania",871,"2019-11-01"
"PA","Pennsylvania",1039,"2019-12-01"
"PA","Pennsylvania",1043,"2020-01-01"
"PA","Pennsylvania",833,"2020-02-01"
"PA","Pennsylvania",2006,"2020-03-01"
"PA","Pennsylvania",3322,"2020-04-01"
"PA","Pennsylvania",3026,"2020-05-01"
"PA","Pennsylvania",2720,"2020-06-01"
"PA","Pennsylvania",555,"2020-07-01"
"PA","Pennsylvania",521,"2020-08-01"
"PA","Pennsylvania",2730,"2020-09-01"
"PA","Pennsylvania",5079,"2020-10-01"
"PA","Pennsylvania",8162,"2020-11-01"
"PA","Pennsylvania",8801,"2020-12-01"
"RI","Rhode Island",27,"2016-03-01"
"RI","Rhode Island",88,"2016-04-01"
"RI","Rhode Island",81,"2016-05-01"
"RI","Rhode Island",85,"2016-06-01"
"RI","Rhode Island",74,"2016-07-01"
"RI","Rhode Island",107,"2016-08-01"
"RI","Rhode Island",115,"2016-09-01"
"RI","Rhode Island",122,"2016-10-01"
"RI","Rhode Island",178,"2016-11-01"
"RI","Rhode Island",157,"2016-12-01"
"RI","Rhode Island",117,"2017-01-01"
"RI","Rhode Island",140,"2017-02-01"
"RI","Rhode Island",108,"2017-03-01"
"RI","Rhode Island",117,"2017-04-01"
"RI","Rhode Island",128,"2017-05-01"
"RI","Rhode Island",158,"2017-06-01"
"RI","Rhode Island",96,"2017-07-01"
"RI","Rhode Island",201,"2017-08-01"
"RI","Rhode Island",199,"2017-09-01"
"RI","Rhode Island",168,"2017-10-01"
"RI","Rhode Island",207,"2017-11-01"
"RI","Rhode Island",174,"2017-12-01"
"RI","Rhode Island",194,"2018-01-01"
"RI","Rhode Island",134,"2018-02-01"
"RI","Rhode Island",132,"2018-03-01"
"RI","Rhode Island",143,"2018-04-01"
"RI","Rhode Island",159,"2018-05-01"
"RI","Rhode Island",138,"2018-06-01"
"RI","Rhode Island",170,"2018-07-01"
"RI","Rhode Island",181,"2018-08-01"
"RI","Rhode Island",216,"2018-09-01"
"RI","Rhode Island",210,"2018-10-01"
"RI","Rhode Island",214,"2018-11-01"
"RI","Rhode Island",140,"2018-12-01"
"RI","Rhode Island",170,"2019-01-01"
"RI","Rhode Island",184,"2019-02-01"
"RI","Rhode Island",141,"2019-03-01"
"RI","Rhode Island",162,"2019-04-01"
"RI","Rhode Island",153,"2019-05-01"
"RI","Rhode Island",155,"2019-06-01"
"RI","Rhode Island",170,"2019-07-01"
"RI","Rhode Island",139,"2019-08-01"
"RI","Rhode Island",154,"2019-09-01"
"RI","Rhode Island",162,"2019-10-01"
"RI","Rhode Island",147,"2019-11-01"
"RI","Rhode Island",128,"2019-12-01"
"RI","Rhode Island",103,"2020-01-01"
"RI","Rhode Island",108,"2020-02-01"
"RI","Rhode Island",134,"2020-03-01"
"RI","Rhode Island",222,"2020-04-01"
"RI","Rhode Island",154,"2020-05-01"
"RI","Rhode Island",161,"2020-06-01"
"RI","Rhode Island",70,"2020-07-01"
"RI","Rhode Island",73,"2020-08-01"
"RI","Rhode Island",122,"2020-09-01"
"RI","Rhode Island",138,"2020-10-01"
"RI","Rhode Island",128,"2020-11-01"
"RI","Rhode Island",158,"2020-12-01"
"SC","South Carolina",117,"2016-06-01"
"SC","South Carolina",248,"2016-07-01"
"SC","South Carolina",357,"2016-08-01"
"SC","South Carolina",355,"2016-09-01"
"SC","South Carolina",309,"2016-10-01"
"SC","South Carolina",355,"2016-11-01"
"SC","South Carolina",317,"2016-12-01"
"SC","South Carolina",319,"2017-01-01"
"SC","South Carolina",338,"2017-02-01"
"SC","South Carolina",341,"2017-03-01"
"SC","South Carolina",292,"2017-04-01"
"SC","South Carolina",281,"2017-05-01"
"SC","South Carolina",314,"2017-06-01"
"SC","South Carolina",424,"2017-07-01"
"SC","South Carolina",2697,"2017-08-01"
"SC","South Carolina",2415,"2017-09-01"
"SC","South Carolina",2660,"2017-10-01"
"SC","South Carolina",2625,"2017-11-01"
"SC","South Carolina",2290,"2017-12-01"
"SC","South Carolina",2662,"2018-01-01"
"SC","South Carolina",2687,"2018-02-01"
"SC","South Carolina",2738,"2018-03-01"
"SC","South Carolina",2744,"2018-04-01"
"SC","South Carolina",3038,"2018-05-01"
"SC","South Carolina",2027,"2018-06-01"
"SC","South Carolina",2101,"2018-07-01"
"SC","South Carolina",2094,"2018-08-01"
"SC","South Carolina",1846,"2018-09-01"
"SC","South Carolina",2604,"2018-10-01"
"SC","South Carolina",2253,"2018-11-01"
"SC","South Carolina",2139,"2018-12-01"
"SC","South Carolina",2329,"2019-01-01"
"SC","South Carolina",1932,"2019-02-01"
"SC","South Carolina",2087,"2019-03-01"
"SC","South Carolina",2424,"2019-04-01"
"SC","South Carolina",2547,"2019-05-01"
"SC","South Carolina",2281,"2019-06-01"
"SC","South Carolina",2429,"2019-07-01"
"SC","South Carolina",2444,"2019-08-01"
"SC","South Carolina",2587,"2019-09-01"
"SC","South Carolina",3239,"2019-10-01"
"SC","South Carolina",2919,"2019-11-01"
"SC","South Carolina",2926,"2019-12-01"
"SC","South Carolina",2565,"2020-01-01"
"SC","South Carolina",2291,"2020-02-01"
"SC","South Carolina",2380,"2020-03-01"
"SC","South Carolina",2920,"2020-04-01"
"SC","South Carolina",2390,"2020-05-01"
"SC","South Carolina",2722,"2020-06-01"
"SC","South Carolina",1519,"2020-07-01"
"SC","South Carolina",1635,"2020-08-01"
"SC","South Carolina",3698,"2020-09-01"
"SC","South Carolina",5717,"2020-10-01"
"SC","South Carolina",8068,"2020-11-01"
"SC","South Carolina",8426,"2020-12-01"
"SD","South Dakota",1,"2016-04-01"
"SD","South Dakota",1,"2016-07-01"
"SD","South Dakota",3,"2016-08-01"
"SD","South Dakota",1,"2016-11-01"
"SD","South Dakota",2,"2016-12-01"
"SD","South Dakota",2,"2017-01-01"
"SD","South Dakota",2,"2017-02-01"
"SD","South Dakota",1,"2017-08-01"
"SD","South Dakota",1,"2017-09-01"
"SD","South Dakota",2,"2017-11-01"
"SD","South Dakota",3,"2017-12-01"
"SD","South Dakota",4,"2018-01-01"
"SD","South Dakota",1,"2018-08-01"
"SD","South Dakota",1,"2018-09-01"
"SD","South Dakota",1,"2018-10-01"
"SD","South Dakota",2,"2018-11-01"
"SD","South Dakota",2,"2018-12-01"
"SD","South Dakota",2,"2019-01-01"
"SD","South Dakota",2,"2019-02-01"
"SD","South Dakota",7,"2019-03-01"
"SD","South Dakota",3,"2019-04-01"
"SD","South Dakota",5,"2019-05-01"
"SD","South Dakota",2,"2019-06-01"
"SD","South Dakota",2,"2019-07-01"
"SD","South Dakota",4,"2019-09-01"
"SD","South Dakota",1,"2020-03-01"
"SD","South Dakota",90,"2020-09-01"
"SD","South Dakota",65,"2020-10-01"
"SD","South Dakota",3,"2020-11-01"
"SD","South Dakota",1,"2020-12-01"
"TN","Tennessee",178,"2016-06-01"
"TN","Tennessee",241,"2016-07-01"
"TN","Tennessee",312,"2016-08-01"
"TN","Tennessee",187,"2016-09-01"
"TN","Tennessee",188,"2016-10-01"
"TN","Tennessee",267,"2016-11-01"
"TN","Tennessee",315,"2016-12-01"
"TN","Tennessee",221,"2017-01-01"
"TN","Tennessee",199,"2017-02-01"
"TN","Tennessee",275,"2017-03-01"
"TN","Tennessee",266,"2017-04-01"
"TN","Tennessee",230,"2017-05-01"
"TN","Tennessee",208,"2017-06-01"
"TN","Tennessee",349,"2017-07-01"
"TN","Tennessee",1491,"2017-08-01"
"TN","Tennessee",1249,"2017-09-01"
"TN","Tennessee",693,"2017-10-01"
"TN","Tennessee",706,"2017-11-01"
"TN","Tennessee",944,"2017-12-01"
"TN","Tennessee",1021,"2018-01-01"
"TN","Tennessee",1087,"2018-02-01"
"TN","Tennessee",1053,"2018-03-01"
"TN","Tennessee",1201,"2018-04-01"
"TN","Tennessee",1131,"2018-05-01"
"TN","Tennessee",958,"2018-06-01"
"TN","Tennessee",937,"2018-07-01"
"TN","Tennessee",1136,"2018-08-01"
"TN","Tennessee",1171,"2018-09-01"
"TN","Tennessee",1393,"2018-10-01"
"TN","Tennessee",1306,"2018-11-01"
"TN","Tennessee",982,"2018-12-01"
"TN","Tennessee",964,"2019-01-01"
"TN","Tennessee",1025,"2019-02-01"
"TN","Tennessee",861,"2019-03-01"
"TN","Tennessee",1269,"2019-04-01"
"TN","Tennessee",979,"2019-05-01"
"TN","Tennessee",871,"2019-06-01"
"TN","Tennessee",834,"2019-07-01"
"TN","Tennessee",918,"2019-08-01"
"TN","Tennessee",849,"2019-09-01"
"TN","Tennessee",997,"2019-10-01"
"TN","Tennessee",1019,"2019-11-01"
"TN","Tennessee",872,"2019-12-01"
"TN","Tennessee",868,"2020-01-01"
"TN","Tennessee",817,"2020-02-01"
"TN","Tennessee",1125,"2020-03-01"
"TN","Tennessee",1347,"2020-04-01"
"TN","Tennessee",1795,"2020-05-01"
"TN","Tennessee",2076,"2020-06-01"
"TN","Tennessee",788,"2020-07-01"
"TN","Tennessee",807,"2020-08-01"
"TN","Tennessee",2061,"2020-09-01"
"TN","Tennessee",3222,"2020-10-01"
"TN","Tennessee",3367,"2020-11-01"
"TN","Tennessee",3869,"2020-12-01"
"TX","Texas",1480,"2016-06-01"
"TX","Texas",3890,"2016-07-01"
"TX","Texas",4535,"2016-08-01"
"TX","Texas",4607,"2016-09-01"
"TX","Texas",4724,"2016-10-01"
"TX","Texas",5794,"2016-11-01"
"TX","Texas",4773,"2016-12-01"
"TX","Texas",5250,"2017-01-01"
"TX","Texas",4387,"2017-02-01"
"TX","Texas",5053,"2017-03-01"
"TX","Texas",4210,"2017-04-01"
"TX","Texas",3365,"2017-05-01"
"TX","Texas",3773,"2017-06-01"
"TX","Texas",3400,"2017-07-01"
"TX","Texas",4465,"2017-08-01"
"TX","Texas",3941,"2017-09-01"
"TX","Texas",4164,"2017-10-01"
"TX","Texas",3757,"2017-11-01"
"TX","Texas",3978,"2017-12-01"
"TX","Texas",3840,"2018-01-01"
"TX","Texas",4409,"2018-02-01"
"TX","Texas",4095,"2018-03-01"
"TX","Texas",3980,"2018-04-01"
"TX","Texas",4023,"2018-05-01"
"TX","Texas",3674,"2018-06-01"
"TX","Texas",3114,"2018-07-01"
"TX","Texas",3547,"2018-08-01"
"TX","Texas",3822,"2018-09-01"
"TX","Texas",4630,"2018-10-01"
"TX","Texas",4160,"2018-11-01"
"TX","Texas",3952,"2018-12-01"
"TX","Texas",3773,"2019-01-01"
"TX","Texas",3323,"2019-02-01"
"TX","Texas",3087,"2019-03-01"
"TX","Texas",3819,"2019-04-01"
"TX","Texas",3621,"2019-05-01"
"TX","Texas",3219,"2019-06-01"
"TX","Texas",3537,"2019-07-01"
"TX","Texas",4051,"2019-08-01"
"TX","Texas",3573,"2019-09-01"
"TX","Texas",4222,"2019-10-01"
"TX","Texas",3391,"2019-11-01"
"TX","Texas",3139,"2019-12-01"
"TX","Texas",3144,"2020-01-01"
"TX","Texas",3070,"2020-02-01"
"TX","Texas",3009,"2020-03-01"
"TX","Texas",3188,"2020-04-01"
"TX","Texas",3588,"2020-05-01"
"TX","Texas",3745,"2020-06-01"
"TX","Texas",1499,"2020-07-01"
"TX","Texas",1629,"2020-08-01"
"TX","Texas",3871,"2020-09-01"
"TX","Texas",6465,"2020-10-01"
"TX","Texas",11236,"2020-11-01"
"TX","Texas",12649,"2020-12-01"
"UT","Utah",58,"2016-06-01"
"UT","Utah",221,"2016-07-01"
"UT","Utah",164,"2016-08-01"
"UT","Utah",87,"2016-09-01"
"UT","Utah",148,"2016-10-01"
"UT","Utah",158,"2016-11-01"
"UT","Utah",132,"2016-12-01"
"UT","Utah",159,"2017-01-01"
"UT","Utah",94,"2017-02-01"
"UT","Utah",100,"2017-03-01"
"UT","Utah",65,"2017-04-01"
"UT","Utah",138,"2017-05-01"
"UT","Utah",173,"2017-06-01"
"UT","Utah",193,"2017-07-01"
"UT","Utah",509,"2017-08-01"
"UT","Utah",552,"2017-09-01"
"UT","Utah",451,"2017-10-01"
"UT","Utah",439,"2017-11-01"
"UT","Utah",424,"2017-12-01"
"UT","Utah",417,"2018-01-01"
"UT","Utah",570,"2018-02-01"
"UT","Utah",415,"2018-03-01"
"UT","Utah",376,"2018-04-01"
"UT","Utah",462,"2018-05-01"
"UT","Utah",433,"2018-06-01"
"UT","Utah",371,"2018-07-01"
"UT","Utah",475,"2018-08-01"
"UT","Utah",469,"2018-09-01"
"UT","Utah",564,"2018-10-01"
"UT","Utah",1140,"2018-11-01"
"UT","Utah",2190,"2018-12-01"
"UT","Utah",1988,"2019-01-01"
"UT","Utah",1825,"2019-02-01"
"UT","Utah",1672,"2019-03-01"
"UT","Utah",1530,"2019-04-01"
"UT","Utah",1766,"2019-05-01"
"UT","Utah",1620,"2019-06-01"
"UT","Utah",1558,"2019-07-01"
"UT","Utah",2016,"2019-08-01"
"UT","Utah",1561,"2019-09-01"
"UT","Utah",1932,"2019-10-01"
"UT","Utah",1513,"2019-11-01"
"UT","Utah",1957,"2019-12-01"
"UT","Utah",1880,"2020-01-01"
"UT","Utah",1576,"2020-02-01"
"UT","Utah",1515,"2020-03-01"
"UT","Utah",1063,"2020-04-01"
"UT","Utah",1320,"2020-05-01"
"UT","Utah",1693,"2020-06-01"
"UT","Utah",253,"2020-07-01"
"UT","Utah",216,"2020-08-01"
"UT","Utah",489,"2020-09-01"
"UT","Utah",1004,"2020-10-01"
"UT","Utah",1225,"2020-11-01"
"UT","Utah",1578,"2020-12-01"
"VA","Virginia",343,"2016-06-01"
"VA","Virginia",472,"2016-07-01"
"VA","Virginia",609,"2016-08-01"
"VA","Virginia",552,"2016-09-01"
"VA","Virginia",697,"2016-10-01"
"VA","Virginia",942,"2016-11-01"
"VA","Virginia",931,"2016-12-01"
"VA","Virginia",775,"2017-01-01"
"VA","Virginia",604,"2017-02-01"
"VA","Virginia",827,"2017-03-01"
"VA","Virginia",623,"2017-04-01"
"VA","Virginia",651,"2017-05-01"
"VA","Virginia",631,"2017-06-01"
"VA","Virginia",742,"2017-07-01"
"VA","Virginia",1861,"2017-08-01"
"VA","Virginia",1652,"2017-09-01"
"VA","Virginia",1539,"2017-10-01"
"VA","Virginia",1329,"2017-11-01"
"VA","Virginia",1396,"2017-12-01"
"VA","Virginia",1468,"2018-01-01"
"VA","Virginia",1249,"2018-02-01"
"VA","Virginia",1157,"2018-03-01"
"VA","Virginia",984,"2018-04-01"
"VA","Virginia",1141,"2018-05-01"
"VA","Virginia",1090,"2018-06-01"
"VA","Virginia",1339,"2018-07-01"
"VA","Virginia",1207,"2018-08-01"
"VA","Virginia",1375,"2018-09-01"
"VA","Virginia",1994,"2018-10-01"
"VA","Virginia",1794,"2018-11-01"
"VA","Virginia",1639,"2018-12-01"
"VA","Virginia",1592,"2019-01-01"
"VA","Virginia",1391,"2019-02-01"
"VA","Virginia",1343,"2019-03-01"
"VA","Virginia",1389,"2019-04-01"
"VA","Virginia",1500,"2019-05-01"
"VA","Virginia",1069,"2019-06-01"
"VA","Virginia",1211,"2019-07-01"
"VA","Virginia",1160,"2019-08-01"
"VA","Virginia",937,"2019-09-01"
"VA","Virginia",1179,"2019-10-01"
"VA","Virginia",1017,"2019-11-01"
"VA","Virginia",1203,"2019-12-01"
"VA","Virginia",1127,"2020-01-01"
"VA","Virginia",871,"2020-02-01"
"VA","Virginia",1981,"2020-03-01"
"VA","Virginia",3742,"2020-04-01"
"VA","Virginia",2635,"2020-05-01"
"VA","Virginia",2651,"2020-06-01"
"VA","Virginia",469,"2020-07-01"
"VA","Virginia",601,"2020-08-01"
"VA","Virginia",3781,"2020-09-01"
"VA","Virginia",6624,"2020-10-01"
"VA","Virginia",7839,"2020-11-01"
"VA","Virginia",8805,"2020-12-01"
"VT","Vermont",3,"2016-07-01"
"VT","Vermont",1,"2016-08-01"
"VT","Vermont",2,"2016-09-01"
"VT","Vermont",1,"2016-10-01"
"VT","Vermont",5,"2016-11-01"
"VT","Vermont",5,"2016-12-01"
"VT","Vermont",3,"2017-01-01"
"VT","Vermont",13,"2017-02-01"
"VT","Vermont",15,"2017-03-01"
"VT","Vermont",3,"2017-04-01"
"VT","Vermont",5,"2017-05-01"
"VT","Vermont",6,"2017-06-01"
"VT","Vermont",9,"2017-07-01"
"VT","Vermont",19,"2017-08-01"
"VT","Vermont",3,"2017-09-01"
"VT","Vermont",12,"2017-10-01"
"VT","Vermont",7,"2017-11-01"
"VT","Vermont",18,"2017-12-01"
"VT","Vermont",14,"2018-01-01"
"VT","Vermont",16,"2018-02-01"
"VT","Vermont",14,"2018-03-01"
"VT","Vermont",10,"2018-04-01"
"VT","Vermont",12,"2018-06-01"
"VT","Vermont",3,"2018-07-01"
"VT","Vermont",4,"2018-08-01"
"VT","Vermont",7,"2018-09-01"
"VT","Vermont",12,"2018-10-01"
"VT","Vermont",20,"2018-11-01"
"VT","Vermont",15,"2018-12-01"
"VT","Vermont",15,"2019-01-01"
"VT","Vermont",15,"2019-02-01"
"VT","Vermont",12,"2019-03-01"
"VT","Vermont",4,"2019-04-01"
"VT","Vermont",5,"2019-05-01"
"VT","Vermont",5,"2019-06-01"
"VT","Vermont",23,"2019-07-01"
"VT","Vermont",14,"2019-08-01"
"VT","Vermont",21,"2019-09-01"
"VT","Vermont",17,"2019-10-01"
"VT","Vermont",18,"2019-11-01"
"VT","Vermont",21,"2019-12-01"
"VT","Vermont",17,"2020-01-01"
"VT","Vermont",20,"2020-02-01"
"VT","Vermont",20,"2020-03-01"
"VT","Vermont",6,"2020-04-01"
"VT","Vermont",7,"2020-05-01"
"VT","Vermont",19,"2020-06-01"
"VT","Vermont",8,"2020-07-01"
"VT","Vermont",4,"2020-08-01"
"VT","Vermont",4,"2020-09-01"
"VT","Vermont",9,"2020-10-01"
"VT","Vermont",4,"2020-11-01"
"VT","Vermont",10,"2020-12-01"
"WA","Washington",415,"2016-06-01"
"WA","Washington",902,"2016-07-01"
"WA","Washington",916,"2016-08-01"
"WA","Washington",790,"2016-09-01"
"WA","Washington",950,"2016-10-01"
"WA","Washington",1009,"2016-11-01"
"WA","Washington",1125,"2016-12-01"
"WA","Washington",783,"2017-01-01"
"WA","Washington",1007,"2017-02-01"
"WA","Washington",914,"2017-03-01"
"WA","Washington",739,"2017-04-01"
"WA","Washington",820,"2017-05-01"
"WA","Washington",798,"2017-06-01"
"WA","Washington",979,"2017-07-01"
"WA","Washington",1080,"2017-08-01"
"WA","Washington",1101,"2017-09-01"
"WA","Washington",1405,"2017-10-01"
"WA","Washington",1211,"2017-11-01"
"WA","Washington",1082,"2017-12-01"
"WA","Washington",979,"2018-01-01"
"WA","Washington",843,"2018-02-01"
"WA","Washington",952,"2018-03-01"
"WA","Washington",927,"2018-04-01"
"WA","Washington",1066,"2018-05-01"
"WA","Washington",1259,"2018-06-01"
"WA","Washington",1107,"2018-07-01"
"WA","Washington",1097,"2018-08-01"
"WA","Washington",887,"2018-09-01"
"WA","Washington",853,"2018-10-01"
"WA","Washington",966,"2018-11-01"
"WA","Washington",1041,"2018-12-01"
"WA","Washington",889,"2019-01-01"
"WA","Washington",881,"2019-02-01"
"WA","Washington",760,"2019-03-01"
"WA","Washington",780,"2019-04-01"
"WA","Washington",810,"2019-05-01"
"WA","Washington",713,"2019-06-01"
"WA","Washington",915,"2019-07-01"
"WA","Washington",806,"2019-08-01"
"WA","Washington",820,"2019-09-01"
"WA","Washington",891,"2019-10-01"
"WA","Washington",681,"2019-11-01"
"WA","Washington",756,"2019-12-01"
"WA","Washington",887,"2020-01-01"
"WA","Washington",605,"2020-02-01"
"WA","Washington",749,"2020-03-01"
"WA","Washington",792,"2020-04-01"
"WA","Washington",1120,"2020-05-01"
"WA","Washington",1478,"2020-06-01"
"WA","Washington",274,"2020-07-01"
"WA","Washington",313,"2020-08-01"
"WA","Washington",602,"2020-09-01"
"WA","Washington",890,"2020-10-01"
"WA","Washington",956,"2020-11-01"
"WA","Washington",1084,"2020-12-01"
"WI","Wisconsin",2,"2016-04-01"
"WI","Wisconsin",4,"2016-05-01"
"WI","Wisconsin",99,"2016-06-01"
"WI","Wisconsin",210,"2016-07-01"
"WI","Wisconsin",278,"2016-08-01"
"WI","Wisconsin",196,"2016-09-01"
"WI","Wisconsin",231,"2016-10-01"
"WI","Wisconsin",278,"2016-11-01"
"WI","Wisconsin",251,"2016-12-01"
"WI","Wisconsin",253,"2017-01-01"
"WI","Wisconsin",225,"2017-02-01"
"WI","Wisconsin",238,"2017-03-01"
"WI","Wisconsin",186,"2017-04-01"
"WI","Wisconsin",242,"2017-05-01"
"WI","Wisconsin",237,"2017-06-01"
"WI","Wisconsin",214,"2017-07-01"
"WI","Wisconsin",377,"2017-08-01"
"WI","Wisconsin",360,"2017-09-01"
"WI","Wisconsin",336,"2017-10-01"
"WI","Wisconsin",309,"2017-11-01"
"WI","Wisconsin",276,"2017-12-01"
"WI","Wisconsin",316,"2018-01-01"
"WI","Wisconsin",256,"2018-02-01"
"WI","Wisconsin",242,"2018-03-01"
"WI","Wisconsin",250,"2018-04-01"
"WI","Wisconsin",279,"2018-05-01"
"WI","Wisconsin",254,"2018-06-01"
"WI","Wisconsin",209,"2018-07-01"
"WI","Wisconsin",201,"2018-08-01"
"WI","Wisconsin",241,"2018-09-01"
"WI","Wisconsin",299,"2018-10-01"
"WI","Wisconsin",417,"2018-11-01"
"WI","Wisconsin",314,"2018-12-01"
"WI","Wisconsin",527,"2019-01-01"
"WI","Wisconsin",510,"2019-02-01"
"WI","Wisconsin",321,"2019-03-01"
"WI","Wisconsin",260,"2019-04-01"
"WI","Wisconsin",323,"2019-05-01"
"WI","Wisconsin",289,"2019-06-01"
"WI","Wisconsin",284,"2019-07-01"
"WI","Wisconsin",292,"2019-08-01"
"WI","Wisconsin",359,"2019-09-01"
"WI","Wisconsin",420,"2019-10-01"
"WI","Wisconsin",286,"2019-11-01"
"WI","Wisconsin",254,"2019-12-01"
"WI","Wisconsin",323,"2020-01-01"
"WI","Wisconsin",212,"2020-02-01"
"WI","Wisconsin",199,"2020-03-01"
"WI","Wisconsin",285,"2020-04-01"
"WI","Wisconsin",340,"2020-05-01"
"WI","Wisconsin",422,"2020-06-01"
"WI","Wisconsin",115,"2020-07-01"
"WI","Wisconsin",92,"2020-08-01"
"WI","Wisconsin",100,"2020-09-01"
"WI","Wisconsin",131,"2020-10-01"
"WI","Wisconsin",118,"2020-11-01"
"WI","Wisconsin",127,"2020-12-01"
"WV","West Virginia",30,"2016-02-01"
"WV","West Virginia",34,"2016-03-01"
"WV","West Virginia",32,"2016-04-01"
"WV","West Virginia",13,"2016-05-01"
"WV","West Virginia",40,"2016-06-01"
"WV","West Virginia",79,"2016-07-01"
"WV","West Virginia",36,"2016-08-01"
"WV","West Virginia",27,"2016-09-01"
"WV","West Virginia",31,"2016-10-01"
"WV","West Virginia",58,"2016-11-01"
"WV","West Virginia",37,"2016-12-01"
"WV","West Virginia",50,"2017-01-01"
"WV","West Virginia",61,"2017-02-01"
"WV","West Virginia",71,"2017-03-01"
"WV","West Virginia",49,"2017-04-01"
"WV","West Virginia",37,"2017-05-01"
"WV","West Virginia",81,"2017-06-01"
"WV","West Virginia",92,"2017-07-01"
"WV","West Virginia",45,"2017-08-01"
"WV","West Virginia",42,"2017-09-01"
"WV","West Virginia",42,"2017-10-01"
"WV","West Virginia",48,"2017-11-01"
"WV","West Virginia",35,"2017-12-01"
"WV","West Virginia",44,"2018-01-01"
"WV","West Virginia",34,"2018-02-01"
"WV","West Virginia",33,"2018-03-01"
"WV","West Virginia",50,"2018-04-01"
"WV","West Virginia",57,"2018-05-01"
"WV","West Virginia",27,"2018-06-01"
"WV","West Virginia",39,"2018-07-01"
"WV","West Virginia",7,"2018-08-01"
"WV","West Virginia",55,"2018-09-01"
"WV","West Virginia",85,"2018-10-01"
"WV","West Virginia",99,"2018-11-01"
"WV","West Virginia",70,"2018-12-01"
"WV","West Virginia",49,"2019-01-01"
"WV","West Virginia",71,"2019-02-01"
"WV","West Virginia",26,"2019-03-01"
"WV","West Virginia",48,"2019-04-01"
"WV","West Virginia",47,"2019-05-01"
"WV","West Virginia",38,"2019-06-01"
"WV","West Virginia",53,"2019-07-01"
"WV","West Virginia",26,"2019-08-01"
"WV","West Virginia",31,"2019-09-01"
"WV","West Virginia",42,"2019-10-01"
"WV","West Virginia",11,"2019-11-01"
"WV","West Virginia",11,"2019-12-01"
"WV","West Virginia",31,"2020-01-01"
"WV","West Virginia",13,"2020-02-01"
"WV","West Virginia",5,"2020-03-01"
"WV","West Virginia",21,"2020-04-01"
"WV","West Virginia",6,"2020-05-01"
"WV","West Virginia",6,"2020-06-01"
"WV","West Virginia",2,"2020-07-01"
"WV","West Virginia",8,"2020-08-01"
"WV","West Virginia",107,"2020-09-01"
"WV","West Virginia",233,"2020-10-01"
"WV","West Virginia",364,"2020-11-01"
"WV","West Virginia",502,"2020-12-01"
"WY","Wyoming",1,"2016-06-01"
"WY","Wyoming",14,"2016-07-01"
"WY","Wyoming",6,"2016-08-01"
"WY","Wyoming",8,"2016-09-01"
"WY","Wyoming",10,"2016-10-01"
"WY","Wyoming",16,"2016-11-01"
"WY","Wyoming",14,"2016-12-01"
"WY","Wyoming",13,"2017-01-01"
"WY","Wyoming",22,"2017-02-01"
"WY","Wyoming",10,"2017-03-01"
"WY","Wyoming",4,"2017-04-01"
"WY","Wyoming",2,"2017-05-01"
"WY","Wyoming",6,"2017-06-01"
"WY","Wyoming",9,"2017-07-01"
"WY","Wyoming",10,"2017-08-01"
"WY","Wyoming",6,"2017-09-01"
"WY","Wyoming",2,"2017-10-01"
"WY","Wyoming",5,"2017-11-01"
"WY","Wyoming",7,"2017-12-01"
"WY","Wyoming",11,"2018-01-01"
"WY","Wyoming",9,"2018-02-01"
"WY","Wyoming",15,"2018-03-01"
"WY","Wyoming",11,"2018-04-01"
"WY","Wyoming",5,"2018-05-01"
"WY","Wyoming",13,"2018-06-01"
"WY","Wyoming",7,"2018-07-01"
"WY","Wyoming",4,"2018-08-01"
"WY","Wyoming",7,"2018-09-01"
"WY","Wyoming",7,"2018-10-01"
"WY","Wyoming",40,"2018-11-01"
"WY","Wyoming",13,"2018-12-01"
"WY","Wyoming",25,"2019-01-01"
"WY","Wyoming",19,"2019-02-01"
"WY","Wyoming",5,"2019-03-01"
"WY","Wyoming",6,"2019-04-01"
"WY","Wyoming",6,"2019-05-01"
"WY","Wyoming",3,"2019-06-01"
"WY","Wyoming",5,"2019-07-01"
"WY","Wyoming",4,"2019-08-01"
"WY","Wyoming",6,"2019-09-01"
"WY","Wyoming",7,"2019-10-01"
"WY","Wyoming",3,"2019-11-01"
"WY","Wyoming",5,"2019-12-01"
"WY","Wyoming",4,"2020-01-01"
"WY","Wyoming",2,"2020-03-01"
"WY","Wyoming",2,"2020-04-01"
"WY","Wyoming",1,"2020-05-01"
"WY","Wyoming",1,"2020-06-01"
"WY","Wyoming",1,"2020-08-01"
"WY","Wyoming",6,"2020-10-01"
"WY","Wyoming",1,"2020-12-01"